1,32,47,50,110,150,260,296,318,344,356,364,367,377,380,457,480,527,588,589,590,592,593,608,648,780,858,1196,1198,1210,1270,1580,2028,2571,2762,2858,2959,3578,4226,4306,4993,5952,7153
1,4,0,5,5,4,0,5,3,0,0,4,0,4,0,0,5,4,5,0,0,4,4,4,5,3,3,0,5,5,5,5,3,4,5,0,5,5,5,0,0,0,0,0
3,0,0,0,0,0,0,0,0,0,0,0,0,0,0,0,0,0,0,0,0,0,0,0,0,0,0,0,0,0,0,0,0,0,0,0,0,0,0,0,0,0,0,0
4,0,2,2,0,0,0,5,1,0,0,0,0,0,0,0,5,0,0,4,0,0,0,5,5,3,0,0,5,3,0,0,3,0,1,4,5,2,0,2,0,0,0,0
5,4,0,0,4,4,3,0,5,3,3,0,3,4,0,2,4,0,5,4,3,5,3,0,3,0,0,0,0,0,0,0,0,0,0,0,0,0,0,0,0,0,0,0
6,0,4,4,1,5,4,0,2,5,3,5,5,4,5,4,5,5,3,5,3,5,3,4,3,0,5,0,0,0,0,0,0,0,0,0,0,0,0,0,0,0,0,0
7,4,0,0,4,0,4,5,0,0,0,5,0,0,0,3,0,5,0,3,2,0,3,5,0,4,4,0,4,0,4,5,0,0,0,4,4,0,1,0,4,4,4,4
8,0,3,4,5,3,4,0,4,5,0,3,5,3,4,5,3,4,5,0,0,5,3,4,0,0,0,0,0,0,0,0,0,0,0,0,0,0,0,0,0,0,0,0
9,0,0,0,0,0,0,0,0,0,0,0,0,0,0,0,0,0,0,0,0,0,0,0,0,0,0,0,0,5,0,5,0,0,0,0,0,0,0,0,0,5,5,0
10,0,0,0,0,0,0,0,1,0,0,3,0,0,0,0,0,0,0,4,0,0,0,0,0,0,0,0,0,0,0,0,0,0,0,0,1,0,4,0,4,4,4,4
11,0,0,0,0,5,5,0,0,4,0,5,0,0,3,4,5,4,0,0,4,0,0,5,0,4,4,0,0,0,4,0,0,5,0,0,0,0,0,0,0,0,0,0
13,0,0,5,0,0,0,0,0,0,0,0,0,0,0,0,0,0,0,0,0,0,0,0,0,0,0,0,0,5,0,0,0,0,5,0,0,0,5,0,0,0,0,0
14,0,4,5,0,5,4,0,3,3,2,4,0,1,3,0,0,3,3,0,0,4,2,4,0,0,0,0,0,0,0,0,0,0,0,0,0,0,0,0,0,0,0,0
15,2,0,3,0,0,0,5,4,5,0,5,3,0,0,0,0,0,5,3,5,0,0,0,0,0,3,4,5,4,5,5,0,3,4,3,4,2,5,1,3,3,3,0
16,0,0,3,4,0,0,3,3,4,0,3,0,0,0,0,0,0,4,0,0,0,0,3,4,0,0,2,3,3,0,0,0,0,3,3,3,3,0,4,0,3,3,3
17,4,0,4,4,4,3,5,5,5,0,5,0,0,0,0,0,4,4,0,4,4,4,4,0,0,4,5,5,4,5,4,0,4,5,4,4,4,0,4,0,4,5,4
18,3,4,4,5,4,0,4,4,5,2,4,3,2,2,2,3,3,4,3,4,4,0,4,4,3,4,4,4,4,4,4,3,4,4,4,0,4,4,4,4,4,3,4
19,4,4,3,0,0,0,4,0,0,2,2,3,4,4,3,4,2,0,3,5,0,5,0,0,3,0,0,4,5,3,4,2,0,4,4,4,5,3,0,0,0,0,0
20,0,0,0,0,0,0,0,0,0,0,0,5,0,0,0,0,0,0,5,0,0,0,0,0,0,0,0,0,0,0,0,0,0,0,0,0,0,4,3,5,5,5,0
21,3,0,0,0,0,0,4,3,0,0,4,4,3,0,0,0,4,0,4,3,0,3,0,0,4,3,2,4,4,4,5,4,0,4,0,2,2,2,0,4,1,2,1
22,0,0,0,0,0,0,0,0,5,0,5,0,0,0,0,0,0,0,0,0,0,0,0,0,0,0,3,0,0,0,0,0,0,0,0,0,3,4,3,3,1,0,1
23,0,3,0,4,0,0,0,3,0,0,0,0,0,0,0,0,0,0,0,0,0,0,0,3,0,0,3,0,0,0,0,0,0,0,0,0,0,0,4,0,0,0,0
24,0,3,0,4,0,0,0,4,4,0,4,0,0,0,0,3,0,0,0,0,0,0,4,4,0,3,0,0,4,0,0,4,4,4,0,0,0,4,0,0,0,0,0
27,3,0,0,0,0,0,4,0,0,0,5,4,4,0,0,0,4,0,0,0,4,0,0,0,4,3,0,4,5,4,5,3,0,0,0,0,0,0,0,0,0,0,0
28,0,3,3,3,3,0,4,4,3,0,4,0,0,1,0,3,2,3,0,4,4,2,2,3,0,3,4,4,2,4,0,3,3,4,3,4,3,4,3,0,3,3,3
29,0,0,0,3,0,4,0,3,4,0,4,0,0,0,0,0,0,0,0,0,0,0,0,0,0,4,4,0,4,0,4,0,5,0,0,0,0,5,0,0,0,0,0
30,0,0,0,0,5,0,5,0,5,0,0,0,0,0,0,0,0,0,0,3,0,0,0,0,0,0,0,5,5,5,0,0,0,5,0,0,0,0,0,0,5,5,5
31,5,0,0,0,0,0,0,0,0,3,0,0,0,5,0,0,0,0,5,0,0,0,0,0,5,4,0,4,4,0,4,0,0,0,0,0,0,0,0,0,0,0,0
32,3,4,0,5,0,0,5,5,5,0,0,0,0,0,0,0,0,4,0,0,0,5,5,5,3,3,0,4,5,0,0,0,0,0,0,0,0,0,0,0,0,0,0
33,3,3,0,5,5,3,0,5,4,0,5,0,0,0,0,5,0,5,5,4,0,0,5,4,0,0,0,0,0,5,0,3,5,5,4,0,0,0,0,0,0,0,0
34,0,0,0,0,0,0,0,0,4,0,4,0,0,4,0,0,0,0,0,3,0,0,0,0,0,3,0,0,0,0,0,2,0,3,3,0,4,0,4,3,0,1,0
36,0,0,0,0,0,0,0,0,4,0,0,0,0,0,0,0,0,0,0,0,0,0,0,0,0,0,0,0,0,0,0,0,0,0,0,0,0,0,0,0,0,0,0
38,0,0,0,5,5,4,0,3,5,0,3,2,2,3,3,5,3,5,3,0,4,4,3,0,4,0,0,0,0,0,0,0,0,0,0,0,0,0,0,0,0,0,0
39,0,3,3,5,0,0,5,5,0,0,0,4,0,0,0,4,0,0,4,4,0,4,5,5,0,0,4,5,4,5,4,0,0,5,5,5,0,0,0,0,0,0,0
40,5,0,0,0,4,5,0,5,5,4,0,5,4,0,3,3,0,0,4,0,4,4,0,0,0,0,0,0,0,0,0,0,0,0,0,0,0,0,0,0,0,0,0
41,0,0,3,3,0,0,0,5,0,0,2,0,0,0,0,0,0,0,0,0,0,0,4,4,0,0,0,0,0,0,0,0,2,2,0,4,4,4,4,3,0,2,0
42,0,0,4,5,4,5,5,5,4,2,5,4,0,0,3,4,0,4,0,0,4,3,5,0,5,2,5,3,0,5,4,4,5,5,0,0,3,3,0,0,0,0,0
43,5,0,4,0,3,5,0,3,4,4,5,5,5,3,3,5,4,0,5,5,4,5,0,0,5,0,0,0,0,0,0,0,0,0,0,0,0,0,0,0,0,0,0
44,3,0,0,0,0,0,5,0,0,0,0,0,0,0,0,0,0,0,0,0,0,0,0,0,3,3,0,0,0,5,0,0,0,0,0,0,0,0,0,0,0,0,0
45,4,4,0,5,5,5,5,5,0,4,5,5,4,0,4,4,4,0,5,5,4,0,4,0,4,3,5,5,4,5,3,3,5,5,5,5,5,5,0,5,5,0,0
46,5,4,0,5,5,0,0,0,4,3,0,5,4,0,5,5,0,0,5,0,5,3,5,0,0,0,0,0,0,0,0,0,0,0,0,0,0,0,0,0,0,0,0
47,0,0,3,0,0,3,0,0,4,0,4,0,0,0,0,0,0,0,0,0,3,0,2,0,0,0,0,0,0,0,0,1,4,0,3,0,2,0,0,0,0,0,0
48,0,0,0,0,0,0,0,0,0,0,0,0,0,0,0,0,0,0,0,0,0,0,0,0,0,3,0,0,0,0,0,5,0,5,0,0,0,0,0,0,0,0,0
50,3,3,0,0,0,0,0,4,3,0,3,0,0,0,0,0,0,0,0,0,0,0,3,4,0,0,4,0,3,0,0,2,0,2,0,0,3,0,3,2,0,0,0
51,0,0,0,0,0,0,5,0,0,3,0,0,0,3,4,0,0,3,0,5,0,0,5,0,0,0,3,5,0,0,0,5,0,0,5,0,0,0,0,0,0,0,0
52,0,0,0,0,0,4,4,0,5,0,5,5,0,0,0,0,0,0,5,0,0,0,0,0,0,0,0,4,3,5,0,0,0,5,0,0,4,0,0,0,0,0,5
54,3,3,3,3,3,3,0,3,4,0,4,0,0,3,0,3,3,0,3,3,3,3,4,0,0,0,0,0,0,0,0,0,0,0,0,0,0,0,0,0,0,0,0
56,0,0,5,0,4,0,0,4,4,5,5,5,3,0,4,4,5,0,0,4,0,3,5,0,0,0,0,0,0,0,0,0,0,0,0,0,0,0,0,0,0,0,0
57,5,4,0,5,4,3,5,3,0,0,4,4,3,2,4,5,5,5,4,4,3,4,5,4,4,3,5,4,5,4,4,4,5,5,5,5,0,4,0,0,0,0,0
58,0,5,5,5,5,4,0,5,5,1,4,4,4,5,3,5,4,5,5,4,3,3,0,0,5,5,0,0,0,0,0,0,0,0,0,0,0,0,0,0,0,0,0
59,0,0,0,0,2,0,4,0,0,0,0,0,4,0,0,0,3,5,0,4,0,0,5,5,5,4,5,4,0,3,0,3,5,1,0,0,0,0,0,0,0,0,0
61,0,4,0,4,0,0,0,0,5,0,0,0,0,0,0,0,0,0,0,0,0,0,4,0,0,0,0,0,0,0,0,0,0,0,0,0,0,0,4,0,4,4,4
62,0,0,4,0,4,0,4,4,4,3,5,0,0,0,0,0,0,4,0,0,0,0,5,0,0,0,5,4,4,4,4,3,4,5,4,0,5,4,0,1,5,5,5
63,5,3,4,5,2,3,5,5,5,5,3,4,4,2,0,0,2,4,4,4,0,4,0,4,4,3,4,5,5,4,5,2,3,3,0,5,5,3,3,2,4,3,4
64,4,4,4,3,4,0,3,4,5,3,4,4,3,3,0,0,4,5,4,4,5,0,5,4,0,3,5,3,0,3,0,3,4,4,4,2,4,0,4,3,4,4,4
65,0,0,0,0,0,0,0,0,4,0,0,0,0,0,0,0,0,4,0,0,0,0,0,0,0,0,0,0,0,0,0,0,4,0,0,0,4,0,4,0,3,0,4
66,4,5,5,4,5,0,2,5,4,0,5,0,0,0,3,3,3,0,0,4,4,4,4,4,0,3,0,4,3,3,3,0,4,5,5,5,5,3,5,5,5,5,5
67,0,0,0,0,0,0,0,4,4,0,4,0,0,0,0,0,0,0,0,3,0,0,0,0,0,0,0,0,0,0,4,4,4,4,0,4,4,0,0,3,2,2,2
68,2,0,4,3,2,3,5,2,3,2,3,4,3,5,3,4,3,4,3,3,4,4,3,2,4,4,4,5,5,5,3,4,4,4,2,5,2,4,4,5,4,4,4
69,0,0,0,5,0,0,5,5,5,0,4,0,0,0,0,0,0,0,0,4,0,0,5,0,0,0,0,5,0,5,0,4,0,5,5,0,0,0,0,0,0,0,0
70,0,0,0,0,0,4,0,0,4,0,4,0,0,0,0,0,0,5,0,0,0,0,0,0,0,0,5,0,0,5,4,0,0,0,0,4,0,0,0,4,0,0,0
71,5,0,0,0,0,0,3,0,0,0,0,0,0,0,0,0,0,0,0,3,0,0,0,2,4,5,0,0,0,3,0,0,0,0,0,0,0,0,0,0,0,0,0
72,0,4,4,4,4,4,5,4,5,3,4,0,0,3,0,4,0,4,0,4,4,0,4,0,4,3,4,4,4,4,4,0,0,5,0,4,0,0,0,0,0,0,0
73,4,0,0,0,0,2,2,0,0,0,0,0,0,0,0,0,0,0,0,0,0,0,0,0,0,0,0,0,0,0,0,0,5,0,0,5,0,0,4,2,0,0,0
74,0,0,0,0,0,0,0,5,0,0,0,0,0,0,0,0,0,0,0,0,0,0,0,5,0,0,5,0,0,0,0,0,0,0,0,5,0,0,4,0,0,0,0
75,0,0,2,0,0,0,5,0,0,0,0,0,0,0,0,0,0,0,0,4,0,3,0,0,0,0,0,4,4,0,0,0,0,1,0,0,0,0,0,4,5,4,4
76,0,0,3,0,0,0,4,4,3,0,1,0,0,0,0,0,2,0,0,3,0,0,3,4,0,0,5,4,0,0,0,0,0,4,4,4,4,0,4,0,0,3,3
78,4,3,0,0,0,4,3,4,4,4,3,0,0,3,4,0,4,0,0,4,2,0,3,2,3,3,0,0,4,0,4,0,0,4,0,0,0,0,0,0,0,0,0
79,0,0,0,0,0,0,5,0,0,0,0,0,0,4,0,4,5,0,0,5,0,0,0,0,0,0,5,5,0,5,0,4,5,4,0,0,0,2,0,0,0,0,0
80,0,4,0,4,0,4,0,0,5,0,0,0,0,0,0,0,0,0,0,0,0,0,5,0,4,0,4,0,0,0,0,0,0,4,0,0,5,0,5,0,0,0,0
82,2,0,3,0,4,0,3,0,0,3,4,3,3,0,4,0,4,0,2,4,3,3,0,0,4,4,3,4,4,4,4,4,3,4,0,0,0,4,0,4,4,0,4
83,0,0,0,0,4,0,0,0,5,0,4,3,0,0,0,0,3,0,0,0,0,0,0,0,0,0,0,0,0,0,3,0,5,0,4,3,0,5,4,3,4,3,4
84,0,0,0,4,0,5,4,4,5,0,5,0,0,4,3,4,3,5,0,0,4,3,5,5,0,0,4,4,4,4,3,0,0,0,0,0,0,0,0,0,0,0,0
85,0,0,0,0,0,0,0,0,0,0,0,0,0,0,0,0,0,5,0,0,0,0,0,0,0,0,0,0,0,0,0,0,0,0,0,0,0,0,0,0,0,0,0
86,4,0,0,0,0,0,4,0,4,0,4,0,0,0,0,4,3,0,4,0,4,0,0,0,4,3,0,4,0,4,0,0,3,4,4,4,3,4,4,4,4,4,4
88,0,0,0,5,0,0,0,0,5,0,0,0,0,0,0,0,0,4,0,0,0,0,0,0,0,0,0,0,0,0,0,0,0,0,0,0,0,0,4,0,5,5,5
89,3,0,0,0,0,0,0,0,0,0,0,0,0,0,0,0,0,0,1,0,0,0,0,0,0,0,0,0,0,0,1,1,0,0,0,0,0,0,0,3,0,0,0
90,3,4,0,0,0,0,5,0,0,0,0,0,0,0,0,0,0,0,0,0,0,0,0,5,0,3,0,0,0,0,0,0,0,0,0,0,0,0,0,0,0,0,0
91,4,4,4,4,4,3,4,4,2,3,3,3,3,3,3,4,4,0,3,4,3,5,4,3,4,3,5,4,5,4,3,3,4,5,4,0,4,3,4,5,4,4,4
93,3,0,0,0,5,5,5,0,4,0,5,0,5,0,5,0,5,5,4,0,5,0,5,0,4,0,0,0,0,0,0,5,5,0,0,0,0,0,0,0,0,0,0
94,0,5,2,0,5,4,0,4,5,3,3,4,3,3,3,4,4,0,4,4,4,3,3,0,0,0,0,0,0,0,0,0,0,0,0,0,0,0,0,0,0,0,0
95,0,4,0,0,0,0,5,0,0,0,0,0,0,0,0,0,3,0,0,4,0,0,0,4,0,0,0,5,5,4,5,0,5,5,0,0,0,0,0,0,0,4,0
96,5,0,0,5,5,5,5,5,0,0,0,0,5,5,3,0,5,5,0,5,0,0,0,0,3,3,4,0,5,5,0,0,4,4,0,5,0,4,0,0,0,0,0
97,0,0,0,0,0,0,0,0,0,0,0,0,0,4,0,0,0,0,0,0,0,0,5,0,0,0,5,0,0,5,0,0,5,5,0,0,0,4,0,5,5,0,0
98,4,0,0,0,0,0,0,0,0,0,5,3,0,0,0,0,0,0,0,0,0,0,4,4,0,0,3,0,0,0,3,0,0,0,0,0,0,0,4,5,0,0,1
99,0,0,0,0,0,5,0,5,5,5,0,0,0,0,5,0,0,0,5,0,0,4,0,0,0,0,0,0,0,0,0,0,0,0,0,0,0,0,0,0,0,0,0
100,0,0,0,0,0,0,0,3,0,0,4,0,0,4,3,0,0,0,0,0,4,4,0,0,4,0,0,0,0,0,4,4,4,0,0,0,0,0,0,0,0,0,0
101,0,0,0,0,0,0,0,0,0,0,0,0,0,0,0,0,0,0,0,0,0,0,0,0,0,0,0,0,0,4,0,0,0,0,4,4,5,4,0,0,0,0,0
102,0,0,5,0,0,3,0,5,4,4,5,4,0,3,3,4,3,0,4,4,4,3,4,0,0,0,0,0,0,0,0,0,0,0,0,0,0,0,0,0,0,0,0
103,4,0,0,4,4,4,4,5,5,3,4,3,3,0,0,0,4,3,0,0,4,0,5,4,0,0,4,4,3,3,0,0,4,4,0,0,5,0,5,3,4,3,4
104,0,0,0,0,1,0,3,0,0,0,4,4,3,0,3,0,0,4,4,0,0,3,0,4,0,4,1,0,0,0,2,3,0,0,0,0,0,0,4,4,3,4,0
105,0,3,5,5,3,0,4,5,5,0,3,0,0,0,0,0,0,3,0,4,0,0,4,4,0,0,5,0,4,0,0,0,5,4,4,5,5,4,3,4,4,4,4
106,0,0,0,0,0,0,0,0,5,0,0,0,0,0,0,0,0,0,0,0,0,0,0,0,0,0,0,0,0,0,0,0,0,5,0,0,0,0,0,0,5,5,5
107,4,0,0,0,5,5,0,3,5,3,0,0,0,0,4,0,0,0,0,0,5,0,0,0,0,0,0,0,0,0,0,0,0,0,0,0,0,0,0,0,0,0,0
108,0,0,0,0,0,0,0,0,0,0,0,0,0,0,0,0,4,0,0,0,0,0,0,0,0,0,0,0,0,0,5,0,0,5,0,0,0,0,0,0,3,3,0
109,0,4,3,4,5,3,0,5,5,2,5,3,3,3,3,4,3,3,3,3,3,4,4,0,0,3,0,0,0,0,0,0,0,0,0,0,0,0,0,0,0,0,0
110,0,0,4,0,3,0,0,4,0,0,0,0,0,0,0,0,0,4,0,0,0,0,0,4,0,0,0,0,3,0,0,0,3,4,3,4,4,0,0,0,0,0,0
111,0,0,0,0,0,0,0,0,4,0,5,3,0,0,0,0,2,0,4,0,0,0,0,0,0,0,0,0,0,0,0,3,0,0,0,4,5,0,3,3,0,0,0
112,3,5,5,5,3,4,5,0,0,0,3,0,0,0,0,0,5,0,0,0,0,0,4,0,0,5,0,5,5,5,4,0,5,5,0,0,0,0,0,0,5,5,5
113,0,0,0,0,0,0,4,0,0,0,4,0,0,0,0,0,0,0,0,0,0,0,4,0,0,0,4,0,0,0,0,0,0,0,0,5,0,0,0,0,0,0,0
114,0,0,0,0,0,0,3,0,0,0,0,0,0,0,0,0,0,0,0,0,0,0,3,0,0,0,0,0,0,3,0,0,0,0,0,0,0,0,0,2,0,0,0
115,0,5,0,0,3,0,5,5,0,0,0,4,0,0,1,4,5,0,4,5,3,5,5,0,0,2,0,5,4,0,0,4,5,3,3,1,0,5,0,0,0,0,0
116,0,0,3,0,0,1,0,0,0,0,4,0,5,3,0,3,4,2,0,4,4,0,2,0,0,2,1,0,5,0,4,0,0,0,0,0,0,4,0,0,0,0,0
117,0,3,4,4,5,4,0,4,5,2,4,4,3,3,4,4,4,5,4,4,4,3,5,3,3,3,0,0,0,0,0,0,0,0,0,0,0,0,0,0,0,0,0
119,3,0,0,0,0,0,0,4,4,0,4,5,0,0,0,0,0,0,0,0,0,0,0,0,0,0,0,0,0,0,4,4,0,4,0,0,0,5,0,4,5,4,5
121,4,0,3,0,4,3,0,4,5,3,4,0,0,3,3,3,0,3,0,0,4,3,0,0,0,4,0,0,0,0,0,0,0,0,0,0,0,0,0,0,0,0,0
122,0,5,4,5,0,0,5,5,5,0,5,0,0,0,0,0,4,0,0,5,0,4,5,5,0,4,5,5,0,5,5,0,0,5,5,0,5,0,0,0,0,0,0
123,0,0,4,0,0,0,4,4,4,0,0,0,0,0,0,0,0,0,0,0,0,0,4,0,0,0,0,4,0,0,0,0,0,4,0,3,4,0,4,0,3,3,3
124,4,0,0,4,3,0,4,4,4,3,5,0,0,0,0,0,3,0,0,0,0,0,4,5,0,0,0,4,0,4,0,0,0,0,0,5,0,0,4,0,0,0,0
125,0,0,0,0,4,0,0,4,4,0,5,0,0,0,0,0,0,0,0,4,0,0,4,3,0,0,4,0,0,4,5,4,0,5,0,5,5,0,4,0,0,0,0
126,0,0,5,0,4,4,0,1,5,1,4,5,5,5,5,5,3,0,3,3,4,3,3,0,0,0,0,0,0,0,0,0,0,0,0,0,0,0,0,0,0,0,0
128,0,0,0,0,5,0,5,0,0,0,0,0,0,0,0,0,0,0,0,0,0,0,5,5,0,0,0,4,5,0,0,0,0,0,0,0,0,0,0,0,0,0,0
129,0,0,3,0,4,0,4,0,0,0,0,0,0,0,0,0,3,0,3,0,0,0,0,0,4,3,0,4,0,4,0,0,4,4,0,4,4,4,3,3,4,4,4
131,0,0,4,4,2,0,2,4,4,0,3,0,0,0,0,0,0,0,0,0,0,0,4,4,0,0,4,2,0,0,0,0,2,3,0,3,0,0,4,0,3,3,3
132,2,3,4,4,0,0,2,4,4,1,4,4,0,0,0,0,0,0,3,0,0,2,3,0,0,0,3,2,0,2,3,0,0,4,0,4,4,0,4,3,4,3,4
133,0,4,4,3,3,3,0,3,4,0,4,0,3,3,3,4,3,4,3,3,2,3,3,0,0,3,0,0,0,0,0,0,0,0,0,0,0,0,0,0,0,0,0
134,3,0,4,0,5,0,0,4,0,3,0,3,3,0,2,0,0,0,3,0,5,3,5,0,0,0,0,0,0,0,0,0,0,0,0,0,0,0,0,0,0,0,0
135,4,5,5,0,4,0,4,4,5,0,0,0,4,4,3,4,5,5,0,4,0,5,5,4,4,3,4,4,4,4,0,4,4,5,3,4,5,2,5,4,5,0,0
136,0,0,5,0,5,2,0,1,0,1,0,5,4,0,3,5,0,0,3,0,3,4,3,0,0,0,0,0,0,0,0,0,0,0,0,0,0,0,0,0,0,0,0
137,4,0,0,0,4,3,4,3,3,0,3,0,0,0,0,0,3,3,4,3,3,0,4,4,0,3,5,4,4,3,3,3,4,4,4,0,3,3,0,4,5,4,5
139,0,0,0,0,0,0,4,0,0,0,0,0,0,0,0,0,0,0,0,0,0,0,0,0,0,0,0,0,4,0,0,0,0,0,0,0,0,2,0,2,4,4,4
140,3,0,4,3,4,5,4,4,4,0,4,4,0,4,4,4,4,5,3,0,5,0,4,5,4,4,5,3,4,3,3,3,5,4,0,4,0,4,3,3,3,4,5
141,4,0,3,0,3,3,4,4,4,2,4,4,2,0,0,0,3,0,4,0,0,0,0,0,0,3,2,3,3,4,2,3,4,3,0,0,5,5,3,4,4,3,4
142,0,0,4,5,0,5,0,5,0,4,4,4,4,4,4,4,3,5,5,3,4,3,5,0,0,0,0,0,0,0,0,0,0,0,0,0,0,0,0,0,0,0,0
143,0,0,0,0,0,0,0,0,0,0,5,0,0,0,0,0,0,0,0,0,0,0,0,0,0,0,0,0,0,0,0,0,0,0,0,0,0,0,0,5,0,0,0
144,3,4,4,0,4,3,0,4,0,3,4,4,0,3,3,0,3,3,4,2,5,3,4,0,3,2,0,0,0,0,0,3,3,4,4,4,4,4,5,5,4,4,4
146,0,5,0,0,0,0,0,0,0,2,0,0,0,0,0,0,0,0,0,0,0,0,0,0,0,0,0,0,0,0,0,0,0,0,0,0,0,0,0,0,0,0,0
148,0,0,0,0,0,0,0,0,0,0,4,0,0,0,0,0,0,0,0,0,0,0,0,0,0,0,0,0,0,0,0,0,0,0,0,0,0,0,0,0,3,3,3
149,0,4,0,0,0,0,4,0,0,0,0,0,0,0,0,0,3,0,0,3,0,0,0,0,0,3,0,2,0,4,2,2,0,0,0,0,0,0,0,0,0,0,0
151,5,0,0,0,0,0,0,0,0,0,0,0,0,0,0,0,0,0,0,0,0,0,0,0,3,3,0,0,0,0,0,0,0,0,0,0,0,0,0,0,0,0,0
152,0,0,5,4,0,0,3,4,3,0,0,0,0,0,0,0,0,4,0,0,0,0,4,4,0,0,5,0,3,0,0,0,0,4,0,4,5,0,0,0,0,0,0
153,2,0,0,0,0,0,0,3,0,0,3,3,0,0,0,0,0,2,0,0,0,0,0,0,0,0,1,0,0,0,0,0,0,0,0,3,0,0,4,2,0,0,0
154,0,0,0,0,0,0,0,0,0,0,5,0,0,0,0,0,0,0,0,0,0,0,0,0,0,0,0,0,0,0,0,3,0,0,0,0,0,0,0,0,0,0,0
155,3,0,0,0,0,0,4,0,0,0,0,0,0,0,0,0,0,0,3,0,0,3,0,0,0,0,0,0,0,0,0,4,4,0,0,0,4,4,0,0,0,0,0
156,4,0,3,4,0,4,1,5,4,3,3,0,3,0,0,3,3,0,0,0,3,0,4,5,3,0,5,0,4,0,3,3,0,3,0,4,0,3,4,0,0,0,0
159,4,0,0,0,3,4,0,0,4,0,4,0,0,3,0,0,3,0,0,0,0,0,0,0,0,0,0,0,0,0,0,0,0,0,0,4,3,0,0,4,0,0,0
160,4,5,5,4,4,5,5,5,0,0,3,5,5,3,0,2,2,5,0,5,0,4,2,5,1,1,5,4,3,5,5,2,5,4,5,5,4,5,0,4,2,1,5
161,4,0,0,0,0,0,0,0,5,0,0,0,0,0,3,0,0,0,0,0,0,0,0,0,0,0,0,0,0,0,0,0,0,0,0,0,0,0,0,0,0,0,0
162,0,0,0,4,0,4,0,3,5,0,5,0,0,0,0,0,0,5,0,0,4,4,0,5,0,0,0,0,0,0,0,0,0,0,0,0,0,0,0,0,0,0,0
164,0,0,0,0,5,0,0,0,0,0,0,0,0,0,0,0,5,0,0,5,0,3,0,0,0,5,0,4,5,4,0,5,0,0,0,0,0,5,0,0,0,0,0
165,0,0,0,0,4,0,0,0,0,0,0,0,0,4,0,0,4,0,0,0,0,4,0,0,0,0,3,4,5,3,0,0,3,4,0,0,0,0,0,0,0,5,0
166,5,4,4,5,0,0,4,4,4,0,4,0,3,3,0,3,0,4,5,0,0,3,4,4,3,0,4,4,4,5,0,4,4,4,4,4,4,3,5,4,3,4,5
167,3,0,0,0,3,4,4,3,5,0,3,0,0,0,0,0,3,0,3,0,0,3,2,3,0,0,0,4,4,4,0,3,3,0,3,3,0,0,0,4,5,4,4
168,0,0,0,0,0,0,0,4,0,0,4,0,0,0,0,0,0,0,0,0,0,0,0,5,0,0,5,0,0,0,0,0,0,0,0,5,0,0,0,0,0,0,0
169,4,0,0,0,0,4,0,0,5,3,4,4,0,4,0,4,4,5,5,0,0,0,0,0,0,0,0,0,0,0,4,3,5,4,4,0,0,0,0,5,4,4,5
170,0,0,0,0,4,3,0,2,5,3,4,3,0,4,0,3,3,0,3,0,4,3,4,0,0,0,0,0,0,0,0,0,0,0,0,0,0,0,0,0,0,0,0
171,5,5,5,0,0,0,4,5,5,0,0,0,3,0,5,0,0,0,0,0,0,5,5,5,3,4,5,4,5,5,5,0,0,0,0,0,0,0,0,0,0,0,0
174,0,3,0,3,0,5,0,3,0,5,3,0,0,0,3,5,5,3,4,4,4,5,0,0,5,3,0,0,0,0,0,0,0,0,0,0,0,0,0,0,0,0,0
176,0,0,5,0,5,4,0,3,5,2,0,0,0,4,5,5,0,0,3,5,4,3,5,0,0,4,0,0,0,0,0,0,0,0,0,0,0,0,0,0,0,0,0
177,5,0,4,4,0,4,2,5,5,4,5,4,3,3,3,0,3,4,4,0,0,3,5,4,4,3,5,3,3,3,5,3,0,3,0,4,4,0,0,4,2,2,2
178,4,0,4,4,4,0,0,4,5,0,4,0,0,3,4,5,3,4,0,4,4,0,4,4,0,3,0,0,4,0,4,0,5,4,0,5,4,0,4,0,4,4,4
179,4,4,4,0,5,4,0,4,5,3,5,4,3,5,4,4,4,0,0,5,4,3,4,4,3,5,0,0,0,0,0,0,0,0,0,0,0,0,0,0,0,0,0
181,0,0,3,0,3,0,0,2,0,3,5,0,3,3,2,4,5,0,4,0,3,2,3,0,0,0,0,0,0,0,0,0,0,0,0,0,0,0,0,0,0,0,0
182,4,4,4,4,3,2,3,5,4,0,5,0,0,2,3,3,3,4,0,2,4,3,4,5,4,1,4,3,3,2,3,2,3,5,4,5,5,3,4,4,3,3,1
183,0,0,0,0,5,0,0,0,0,0,0,0,0,5,4,5,4,0,0,5,0,3,0,0,0,0,3,4,0,4,0,4,5,0,0,0,0,0,0,0,0,0,0
184,0,0,0,0,0,0,0,0,0,0,0,0,0,0,0,0,0,0,0,0,0,0,0,0,0,0,0,0,0,0,0,0,0,0,0,0,0,0,5,0,0,0,0
185,4,0,0,0,0,0,0,0,0,0,0,4,0,0,0,0,0,0,4,0,0,0,0,0,0,0,0,0,0,0,0,0,0,0,0,0,0,0,5,0,0,4,0
186,4,0,0,0,0,0,4,0,0,0,0,4,0,4,4,0,4,0,5,5,0,4,5,0,4,4,0,5,5,5,0,4,0,3,0,0,0,4,0,5,5,0,0
187,0,0,4,4,3,0,4,4,3,0,2,0,0,2,2,0,0,4,0,0,1,0,4,4,0,0,0,4,3,4,0,2,0,4,0,4,3,2,4,0,4,4,4
188,0,0,0,0,0,0,0,0,0,0,5,0,0,0,0,0,0,0,0,0,0,0,0,0,0,0,0,0,0,0,0,0,0,0,0,3,0,0,0,0,0,0,0
190,0,0,0,0,0,0,0,0,4,0,0,0,0,0,0,0,0,5,0,0,0,0,0,0,0,0,4,0,0,0,0,0,0,3,0,0,4,0,0,3,0,0,0
191,4,5,4,5,3,2,0,5,4,0,0,0,0,0,3,0,0,0,0,0,0,0,0,5,0,0,0,0,0,0,0,0,0,0,0,0,0,0,0,0,0,0,0
193,2,0,0,0,0,0,5,4,3,0,3,0,0,0,0,0,2,4,0,0,0,0,3,0,0,0,4,4,2,0,3,0,0,0,0,2,3,0,0,0,0,0,4
195,0,4,0,5,0,4,4,5,5,0,0,0,0,4,0,0,0,4,0,3,0,0,0,5,5,0,0,4,0,4,5,0,3,3,5,4,0,4,0,3,0,0,0
196,0,0,0,0,3,5,0,0,0,0,0,5,0,0,0,3,0,0,0,0,0,0,0,0,0,0,0,0,0,0,0,0,3,5,3,0,0,5,0,0,0,3,0
197,0,0,0,3,0,0,0,5,4,0,3,0,0,0,0,0,0,0,0,5,0,5,0,0,0,0,2,0,0,0,0,0,3,5,0,0,0,0,0,0,0,0,0
198,0,5,5,5,3,0,5,5,5,4,5,4,0,0,0,0,3,0,0,3,0,3,4,3,3,2,0,5,4,5,5,4,4,5,1,5,5,3,4,0,2,0,0
199,0,0,3,4,0,4,4,4,4,0,2,0,0,2,3,4,0,5,0,3,0,3,4,5,0,3,4,3,4,2,0,4,4,4,4,5,0,4,4,0,0,0,0
200,3,0,4,0,4,4,5,5,5,4,4,0,3,4,0,0,3,0,4,0,3,0,0,0,3,3,0,5,4,5,4,4,0,5,0,3,5,4,4,3,4,4,4
201,5,4,0,0,0,4,5,5,0,0,5,0,0,0,4,0,5,0,0,5,0,3,5,0,0,4,0,5,5,5,5,4,5,0,5,5,0,0,0,0,0,0,0
202,4,4,0,4,4,4,4,4,4,0,5,0,0,3,0,3,4,0,4,5,4,3,5,4,3,2,4,5,5,3,4,4,4,4,5,4,5,0,0,0,0,0,0
203,0,0,0,0,5,0,0,5,4,0,0,0,0,0,0,0,0,0,0,0,5,0,0,0,0,0,0,0,0,0,0,0,0,2,0,0,0,5,0,4,5,5,5
204,0,0,5,0,0,0,0,4,0,0,0,0,0,0,0,0,0,4,0,0,0,0,4,0,0,0,4,0,0,0,0,0,0,4,0,4,5,0,4,4,4,0,0
209,0,0,0,0,0,0,0,0,5,0,4,0,0,0,0,0,0,0,0,0,0,0,4,0,0,0,0,0,5,0,0,0,4,5,4,4,4,4,0,0,5,5,5
210,0,0,0,0,0,0,5,0,0,0,0,0,0,0,0,0,0,0,0,4,0,0,0,0,0,0,0,5,3,5,4,0,0,5,0,0,0,0,0,4,4,4,4
211,0,0,0,4,0,0,4,4,5,0,4,0,0,0,0,0,0,0,0,0,0,0,0,0,0,0,4,4,4,4,0,0,4,5,0,4,5,5,4,0,0,0,4
212,0,0,0,0,0,0,2,3,4,0,3,3,0,0,0,0,3,0,0,4,0,0,3,3,0,2,0,3,4,3,0,0,2,3,0,3,4,3,0,4,3,3,3
213,3,0,0,0,0,0,0,0,0,0,0,0,0,0,0,0,0,0,0,5,0,0,0,0,0,0,4,0,4,0,0,0,0,0,0,0,0,0,0,4,4,4,4
215,0,0,0,5,0,0,4,3,5,0,3,0,0,0,0,0,0,4,0,0,0,0,3,3,0,0,0,4,4,0,0,0,3,0,4,4,4,0,4,0,4,4,4
216,3,0,0,0,0,0,0,0,0,0,0,3,0,0,0,0,0,0,4,0,0,0,0,0,2,0,0,0,5,0,0,0,0,0,0,5,0,4,0,0,0,0,0
217,4,0,2,3,2,0,5,2,0,3,2,0,3,0,2,4,4,0,0,3,4,2,0,5,5,3,2,5,5,5,3,5,4,3,4,0,0,0,0,0,0,0,0
219,3,3,3,5,0,4,5,4,5,4,0,5,3,3,3,4,4,0,4,4,0,3,4,3,4,4,4,4,4,4,3,3,4,5,2,5,4,4,5,4,3,3,3
220,5,4,3,5,0,5,5,5,5,2,5,4,0,3,4,0,5,0,5,5,5,0,0,5,3,4,5,5,5,4,5,5,5,5,5,0,1,0,5,5,0,4,4
221,0,5,0,4,0,0,0,5,4,0,3,0,0,0,0,0,3,3,0,4,3,0,4,5,0,2,4,0,3,0,0,0,0,2,3,5,5,0,0,0,0,0,0
222,0,3,4,3,4,0,0,4,0,4,4,2,3,0,0,0,0,3,0,0,0,0,0,0,0,0,4,0,4,0,4,0,3,4,2,0,3,4,0,0,4,3,0
223,3,0,3,0,3,0,3,3,4,1,0,0,1,0,0,3,3,0,0,0,3,0,2,3,0,3,0,0,3,0,0,0,0,3,4,0,0,0,4,4,0,0,3
224,0,0,0,0,0,0,2,0,0,0,5,0,0,4,0,0,0,5,0,0,0,0,4,0,0,0,4,0,0,2,5,0,5,0,0,0,0,0,0,0,0,0,0
225,0,0,0,0,0,0,0,0,0,0,0,0,0,0,3,0,0,0,4,0,0,0,0,0,0,0,0,4,0,0,4,0,0,0,0,3,0,0,0,0,0,0,0
226,3,4,5,0,0,4,4,4,0,4,4,3,3,2,0,0,4,0,4,4,2,0,0,4,3,3,0,5,4,5,4,3,0,4,0,4,4,4,0,4,4,4,4
227,0,4,5,0,3,4,3,4,4,0,5,0,0,0,0,4,0,4,0,3,0,0,4,0,0,0,4,4,0,0,0,0,0,4,0,0,5,0,0,0,0,0,3
229,5,0,0,0,5,5,0,5,5,3,4,4,3,4,4,5,3,4,0,5,3,3,4,0,4,0,0,0,0,0,0,0,0,0,0,0,0,0,0,0,0,0,0
230,0,0,3,0,0,2,0,0,3,3,0,3,3,3,3,0,0,1,2,0,2,3,3,0,2,3,0,0,0,0,0,3,0,0,2,0,3,3,0,0,0,3,3
232,3,0,4,0,4,4,4,5,5,0,4,3,0,3,0,0,3,4,3,4,0,0,0,0,3,3,4,4,4,5,3,3,5,4,5,0,4,5,5,4,3,4,4
233,3,0,3,4,3,2,0,4,5,0,5,3,3,0,0,0,0,4,0,0,0,0,4,4,3,2,4,0,0,0,0,3,4,4,3,3,4,0,0,4,4,4,4
234,5,0,0,0,0,0,5,0,0,2,0,5,0,4,0,0,5,0,5,0,4,4,0,0,4,0,0,5,4,5,0,4,3,5,0,0,0,0,4,5,0,0,0
235,0,4,0,0,4,5,0,4,4,2,5,5,0,5,4,4,4,5,4,4,4,3,5,0,3,5,0,0,0,0,0,0,0,0,0,0,0,0,0,0,0,0,0
237,0,5,0,2,0,0,0,0,4,0,2,0,0,0,0,0,0,0,0,0,0,0,0,0,0,0,0,0,0,0,0,4,0,4,0,3,0,0,0,0,0,0,0
238,0,0,0,0,0,0,0,0,0,0,0,0,0,0,0,0,0,0,0,0,0,0,3,0,0,0,3,0,0,0,0,0,0,0,0,0,0,0,0,0,0,0,0
239,4,5,5,4,4,0,5,5,5,0,5,4,3,0,3,4,4,0,4,3,4,0,3,4,4,4,5,5,4,5,0,4,5,5,0,5,5,4,0,4,5,5,5
240,5,0,0,0,5,4,0,2,3,5,5,4,4,5,3,3,4,0,4,4,4,3,0,0,0,5,0,0,0,0,0,0,0,0,0,0,0,0,0,0,0,0,0
241,0,0,4,4,0,0,0,4,3,0,0,0,0,0,0,0,0,3,0,0,0,0,4,0,0,0,4,0,0,0,0,0,3,4,3,3,3,0,0,0,0,0,0
242,0,5,5,0,0,3,0,5,4,3,0,0,0,0,4,5,0,0,3,0,3,3,5,0,0,0,0,0,0,0,0,0,0,0,0,0,0,0,0,0,0,0,0
243,0,0,0,0,0,0,0,0,0,0,4,0,0,5,3,0,0,3,3,4,0,3,0,0,5,0,0,0,0,0,0,0,0,0,0,0,0,0,0,0,0,0,0
244,0,0,0,0,5,0,0,0,0,0,5,0,0,4,4,5,0,0,0,4,0,0,4,0,4,1,0,4,0,0,5,4,5,4,0,0,0,5,0,0,0,0,0
246,0,0,0,4,0,0,5,4,0,0,3,0,0,0,0,0,0,0,0,5,0,0,0,0,0,2,0,5,0,5,0,0,0,5,0,0,4,0,5,0,5,5,5
247,5,3,4,5,4,3,4,4,4,0,5,5,0,0,0,0,4,4,5,3,0,0,4,4,0,0,4,4,4,3,4,0,4,3,4,4,5,4,4,3,4,4,4
248,0,0,0,0,0,0,3,0,0,0,0,0,0,0,0,0,0,0,0,0,0,0,0,0,0,0,0,3,4,3,0,0,0,4,0,0,0,0,0,3,0,0,0
249,4,5,5,4,5,2,5,4,4,3,4,5,4,4,4,4,4,4,4,4,0,0,4,4,3,4,4,5,5,4,4,4,4,5,4,4,5,4,5,3,5,4,5
252,4,0,0,0,0,0,0,0,0,0,0,5,0,0,0,0,0,0,0,0,0,0,0,0,0,0,0,0,0,0,0,0,0,0,0,0,0,0,0,0,0,0,0
253,0,0,0,0,0,0,0,0,0,0,0,0,0,0,0,0,0,0,0,0,0,0,0,5,0,0,0,0,0,0,0,0,0,0,0,0,0,0,0,0,0,0,0
254,4,4,4,4,4,4,4,5,4,3,5,0,0,0,2,4,4,5,0,4,4,2,4,0,3,3,4,4,0,4,3,2,5,5,5,5,5,4,4,5,4,4,4
255,0,0,0,0,0,0,0,0,0,5,0,0,0,0,0,0,0,0,2,0,0,0,0,0,0,0,0,0,0,5,1,0,0,0,0,1,0,0,0,0,0,0,0
256,0,0,0,0,0,0,4,0,5,0,0,0,0,4,0,0,0,0,0,0,0,0,4,0,0,4,0,4,5,4,5,0,0,4,0,0,0,0,0,4,0,0,0
260,0,0,4,5,0,0,0,4,0,0,0,0,0,0,0,0,0,0,0,0,0,0,0,5,0,0,0,0,0,0,0,0,0,0,0,0,4,2,4,0,0,0,0
261,0,0,4,4,0,0,0,5,4,0,5,0,0,0,0,0,0,0,0,0,0,0,0,0,0,0,0,0,0,4,0,0,4,4,0,5,0,0,0,0,0,0,0
262,0,0,0,3,0,0,4,3,3,0,0,0,3,0,3,2,0,0,0,0,0,0,2,5,0,0,0,0,0,0,0,0,0,0,0,0,0,0,0,0,0,0,0
263,4,0,0,0,4,4,0,3,5,0,4,0,0,3,4,4,0,5,0,0,0,0,5,0,0,0,0,4,0,4,0,3,4,4,0,4,0,0,5,4,4,4,4
264,4,1,0,0,2,4,0,0,0,0,3,3,4,0,0,0,2,4,0,0,0,0,0,0,3,3,0,3,0,3,0,4,0,4,4,0,0,2,0,0,0,4,0
265,0,4,0,0,3,4,5,0,4,0,0,0,0,0,0,0,4,0,0,4,3,3,5,4,0,4,0,5,5,0,5,3,4,5,0,2,0,0,0,0,0,0,0
266,2,4,0,4,5,0,4,5,0,0,4,0,3,2,0,4,4,0,0,4,0,4,0,5,0,0,0,5,5,3,4,3,4,5,0,0,5,0,0,0,0,0,0
267,0,0,0,0,4,5,5,0,0,0,0,0,0,0,0,0,5,0,0,5,0,0,5,0,0,0,0,5,5,5,5,0,0,5,2,4,0,5,0,0,0,0,0
268,0,0,3,5,0,0,4,0,0,0,2,0,0,0,0,0,0,0,0,0,0,0,0,0,0,0,5,5,0,1,0,3,0,5,4,5,0,0,0,0,0,0,0
270,5,4,0,0,0,0,0,0,0,0,0,0,0,0,0,0,0,0,0,0,0,0,0,4,3,4,0,0,0,0,0,0,0,0,0,0,0,0,0,0,0,0,0
271,0,4,0,0,0,0,0,0,0,0,0,0,0,0,0,0,0,0,0,0,0,0,0,0,0,0,0,0,0,0,0,0,0,0,0,2,0,0,0,0,0,0,0
272,0,0,0,0,0,0,0,0,4,0,0,0,0,0,0,0,0,0,0,3,0,0,0,0,0,0,0,0,0,0,0,4,0,4,0,0,0,0,0,0,2,0,0
273,5,5,0,0,0,3,0,4,0,4,0,5,4,0,0,4,4,0,5,5,2,3,5,3,0,0,0,0,0,0,0,0,0,0,0,0,0,0,0,0,0,0,0
274,4,4,4,4,4,0,3,5,4,4,4,4,4,3,4,3,3,4,4,4,4,3,4,3,3,3,3,4,4,4,3,3,4,4,4,5,5,3,4,3,3,3,3
275,5,5,0,4,0,0,4,5,4,0,3,0,0,0,0,0,4,5,0,0,0,0,5,4,0,0,5,0,4,4,4,3,0,5,0,4,5,4,5,3,4,4,0
276,4,0,0,0,0,5,5,0,0,5,5,5,0,0,0,0,5,0,0,0,0,0,0,0,5,5,0,5,0,5,5,0,0,0,0,0,0,0,0,0,0,0,0
279,3,0,0,3,4,0,5,5,4,0,3,0,0,3,0,0,4,0,2,4,0,0,4,2,4,4,4,5,4,4,3,0,4,4,0,3,3,3,3,0,4,5,4
280,4,0,0,4,0,0,0,0,0,3,4,4,2,0,0,0,0,0,0,0,0,0,0,0,0,0,0,0,0,0,3,3,0,0,4,0,0,0,0,4,0,0,0
282,4,4,0,4,0,4,4,4,4,2,4,0,0,3,0,0,4,5,4,4,0,3,4,0,3,3,5,0,0,0,5,4,4,5,4,4,4,4,4,4,0,0,0
283,3,0,0,0,5,5,0,0,5,0,5,0,0,0,0,0,0,0,0,0,0,0,4,4,0,0,0,0,0,4,0,4,0,0,0,0,0,0,0,0,0,0,0
284,0,5,3,0,5,2,0,4,4,5,5,0,5,5,4,4,5,0,5,5,4,5,0,0,0,0,0,0,0,0,0,0,0,0,0,0,0,0,0,0,0,0,0
285,0,0,0,0,0,0,0,4,0,0,0,0,0,0,0,0,0,0,0,0,0,0,0,0,0,0,5,0,0,0,0,0,0,0,0,0,0,0,0,0,0,0,0
286,0,0,5,0,5,4,0,5,0,0,4,5,0,4,0,0,0,4,0,0,0,0,4,0,0,0,0,0,0,0,0,3,4,4,5,0,5,3,4,3,4,4,5
287,0,0,0,3,1,0,0,0,0,0,0,0,0,0,0,0,0,4,0,0,0,0,0,4,1,0,0,0,0,0,3,0,3,0,2,0,4,2,0,1,4,4,0
288,4,5,3,0,5,3,5,5,5,3,5,3,2,3,3,3,2,5,4,4,5,3,5,4,1,1,0,4,5,4,5,4,3,3,3,0,3,2,4,4,5,3,4
290,4,0,0,4,0,4,5,5,5,0,0,0,0,0,0,4,0,5,0,0,0,0,4,5,0,0,5,5,5,0,4,0,4,0,4,4,3,0,0,0,0,0,0
291,4,0,0,0,0,0,0,0,0,0,0,0,0,0,0,0,0,0,0,0,0,0,0,0,0,0,0,0,0,0,0,0,0,0,0,0,0,0,0,0,3,0,3
292,4,2,0,0,2,0,4,3,5,2,4,4,2,3,4,4,4,0,4,4,3,3,3,2,0,4,4,4,4,4,4,4,4,4,4,0,2,3,0,4,3,3,3
294,0,0,2,3,0,0,5,4,0,0,5,0,4,0,0,0,0,0,3,0,3,3,0,4,0,0,5,4,4,4,3,4,0,0,0,3,0,0,0,0,0,0,0
295,0,0,0,5,0,0,0,5,5,0,0,0,0,0,0,0,0,0,0,0,0,0,0,0,0,0,4,0,2,0,0,0,0,0,0,0,4,0,4,0,0,0,0
297,0,0,4,5,0,3,0,0,0,0,0,0,0,2,0,4,0,0,0,3,0,0,4,4,0,0,0,0,0,0,0,0,0,0,0,0,0,0,0,0,0,0,0
298,2,4,4,3,3,0,4,4,3,3,3,0,2,0,0,0,4,0,0,4,0,3,0,3,0,2,5,4,4,4,3,3,0,4,0,4,5,3,3,2,4,4,4
300,0,0,0,0,0,0,0,0,4,0,4,0,0,0,0,0,0,5,0,0,0,0,4,0,0,0,0,0,0,0,0,0,4,4,3,5,4,0,0,0,0,0,0
301,0,0,4,4,1,0,0,4,0,0,4,3,0,2,0,4,3,4,0,0,0,0,0,3,2,2,0,0,0,0,2,0,0,0,0,4,0,4,4,4,0,0,0
302,0,3,5,0,4,0,5,5,0,0,0,0,0,3,0,4,5,0,0,4,0,0,0,5,3,4,5,0,5,0,0,0,0,0,0,0,0,0,0,0,0,0,0
303,0,3,0,0,0,0,3,0,0,0,0,0,0,0,0,0,3,0,0,5,0,0,0,0,0,0,0,5,0,5,3,5,0,5,0,0,0,0,0,0,0,0,0
304,5,4,0,0,5,5,5,5,4,0,5,2,0,3,4,5,4,5,4,5,5,0,4,0,4,4,0,5,5,5,5,5,5,4,2,2,0,0,0,0,0,0,0
305,0,5,4,5,0,0,5,5,5,0,4,0,0,4,3,4,2,5,0,5,4,2,5,3,4,4,5,5,3,5,5,0,4,5,4,5,4,5,3,0,5,5,5
306,0,0,0,0,0,0,0,0,0,0,0,0,0,0,0,0,0,0,0,0,0,0,0,0,0,0,0,0,0,0,0,0,0,0,3,0,0,0,0,3,0,0,0
307,4,3,4,4,3,2,3,4,4,4,4,3,1,1,0,3,3,4,4,2,3,4,4,3,2,2,4,3,4,3,4,2,0,3,2,4,4,3,4,2,3,3,3
308,0,0,0,2,1,0,2,0,1,0,2,3,0,0,0,3,0,1,0,1,0,0,0,0,0,0,1,2,1,0,0,0,0,3,0,0,0,1,1,0,3,4,3
309,0,0,0,4,0,0,0,3,4,0,0,0,0,0,0,0,0,4,0,0,0,0,0,0,0,0,0,0,4,0,0,0,4,4,3,0,0,0,0,0,4,4,4
310,0,0,0,0,0,0,0,0,0,0,0,0,0,0,0,0,0,0,0,0,0,0,0,0,0,0,0,0,4,0,0,0,0,0,0,0,0,0,0,3,0,0,0
312,0,4,0,0,4,0,5,0,0,0,4,0,0,0,0,4,3,5,0,4,0,0,0,4,0,2,0,5,0,5,0,0,4,3,4,0,0,0,0,0,0,5,0
313,0,4,5,5,0,0,3,5,3,0,0,0,2,2,5,2,3,0,0,5,0,5,5,4,1,3,5,4,5,3,2,4,5,5,4,4,5,5,4,0,5,0,0
314,3,3,1,4,4,4,5,1,5,2,4,4,3,3,2,3,3,5,3,5,2,3,3,0,3,3,0,0,0,0,0,0,0,0,0,0,0,0,0,0,0,0,0
316,0,0,0,0,0,0,0,0,0,4,0,0,2,0,0,0,0,0,0,0,0,0,0,0,0,0,0,0,0,0,0,0,0,4,0,4,0,0,0,0,0,3,0
317,0,4,5,5,5,3,4,5,4,0,5,0,0,0,0,3,0,0,0,4,0,0,5,5,0,0,5,0,0,0,0,0,5,4,2,5,5,3,0,4,0,0,0
318,0,4,4,0,0,0,3,4,4,3,4,4,0,3,0,0,4,4,0,0,3,0,4,4,3,4,0,3,0,4,2,4,3,3,0,3,0,0,4,3,4,3,3
319,0,0,0,0,4,0,0,0,4,0,4,5,0,0,0,0,0,5,5,0,0,0,0,0,0,0,5,0,0,0,0,0,0,5,0,0,4,0,0,0,0,0,0
321,0,0,0,0,0,4,0,0,0,3,5,4,4,3,5,3,4,0,3,3,0,4,4,0,3,4,0,0,0,0,0,0,0,0,0,0,0,0,0,0,0,0,0
322,3,0,4,4,3,4,0,5,4,0,3,0,0,0,0,0,3,0,0,0,0,0,0,4,0,3,1,0,0,0,0,3,0,4,4,4,4,4,3,2,3,0,0
323,3,2,0,4,2,3,4,4,5,0,3,4,3,2,0,3,3,4,4,0,0,0,0,0,0,0,0,4,2,0,0,0,0,3,0,0,0,0,0,0,0,0,2
325,0,4,0,0,0,0,0,5,5,0,2,0,0,0,2,0,0,0,0,0,0,0,5,0,0,0,5,4,0,0,4,0,0,0,4,0,0,0,4,0,5,0,0
326,0,0,4,2,5,0,0,4,4,0,5,0,0,0,0,0,0,4,0,0,0,0,4,0,3,0,0,0,0,0,0,0,3,3,0,3,4,5,3,0,4,4,4
327,0,0,0,4,0,4,0,0,4,0,5,0,0,0,0,0,0,0,0,0,0,0,0,0,0,0,3,0,0,0,0,0,0,0,0,0,0,0,4,0,0,0,0
328,5,0,4,4,1,3,5,5,5,0,3,1,0,0,0,2,2,5,3,1,0,2,0,5,0,0,5,5,5,4,4,0,2,2,2,0,5,0,0,4,0,4,4
330,4,5,3,5,3,3,4,4,4,0,5,3,1,0,3,2,2,0,3,3,4,4,5,4,2,2,4,5,3,5,4,4,3,3,4,4,4,4,5,4,3,4,4
331,0,0,0,5,0,0,0,5,5,0,0,0,0,0,0,0,0,0,0,0,0,0,5,5,0,0,5,0,0,0,0,0,0,0,0,0,4,4,0,3,4,4,4
332,4,2,4,4,3,3,0,4,4,0,4,0,4,3,0,0,3,4,0,3,4,0,4,4,0,2,0,4,0,3,4,0,4,5,4,4,4,3,5,4,4,4,4
334,3,0,2,0,0,0,4,4,3,2,4,4,0,3,0,0,3,0,0,4,0,0,0,0,0,0,0,4,3,3,3,3,0,4,4,0,3,4,3,4,3,3,3
336,4,0,4,5,4,4,0,5,5,0,4,0,0,0,0,0,0,4,0,5,0,0,5,0,0,0,4,0,0,0,0,0,4,5,4,5,4,0,0,0,0,0,4
337,4,4,5,3,5,0,5,0,5,0,0,0,0,0,0,0,0,0,0,0,0,0,0,0,5,5,0,0,0,5,0,0,0,0,0,0,0,0,0,0,0,0,0
338,0,0,0,4,0,0,0,4,5,0,0,0,0,0,0,0,0,5,0,0,0,0,4,0,0,0,4,0,0,0,0,0,0,0,0,0,4,0,0,0,0,3,2
339,4,3,4,0,0,4,0,2,4,0,4,4,0,0,0,4,4,5,0,0,0,2,5,5,4,0,4,0,5,0,4,2,5,0,4,5,4,5,4,4,3,4,4
341,5,0,0,0,0,0,0,0,0,0,3,0,0,0,4,0,2,0,0,0,0,0,0,0,0,0,0,0,0,0,3,0,0,0,0,0,0,0,0,0,0,0,0
342,0,0,0,0,0,0,0,0,0,0,0,0,0,0,0,0,0,0,0,0,0,0,0,0,0,0,0,0,4,0,4,0,0,0,0,0,4,0,0,0,0,0,0
343,0,0,0,4,0,0,3,4,4,0,0,0,0,0,0,0,0,5,0,0,0,0,4,0,0,0,3,3,4,0,0,0,0,5,0,4,5,0,5,0,5,5,4
344,0,0,0,0,4,0,5,0,5,0,5,0,0,0,5,0,0,0,0,0,0,0,0,0,0,0,0,0,0,5,5,0,4,5,3,5,0,0,1,5,0,0,0
345,0,3,0,0,0,0,0,0,0,3,0,0,0,0,0,0,0,0,0,0,0,0,0,0,0,0,0,0,0,0,0,0,0,0,0,4,0,0,0,0,0,0,0
346,0,0,3,4,0,0,0,3,0,0,0,0,0,0,0,0,2,3,0,0,0,0,0,3,0,0,4,0,0,0,0,0,0,0,3,4,3,0,0,0,0,0,0
347,5,3,3,0,3,4,0,0,0,3,4,4,0,4,3,4,4,0,4,3,3,3,0,0,4,5,0,0,0,0,0,0,0,0,0,0,0,0,0,0,0,0,0
348,0,0,0,5,0,0,4,5,5,0,0,0,0,0,0,0,0,5,0,0,4,0,5,5,0,0,5,5,0,0,0,0,0,0,0,5,5,0,5,0,5,5,0
349,0,0,0,0,0,0,0,4,0,4,5,4,4,5,0,0,3,4,4,4,4,0,5,0,0,0,0,0,0,0,0,0,0,0,0,0,0,0,0,0,0,0,0
350,4,4,0,0,0,0,4,0,0,0,0,0,0,0,0,0,0,0,0,0,0,0,0,3,3,0,3,0,0,4,0,0,0,0,0,0,0,0,0,0,0,0,0
351,0,0,4,0,0,0,0,4,0,3,4,0,0,0,0,0,4,0,0,0,0,0,4,0,0,0,0,0,0,0,0,0,0,4,4,0,4,0,4,0,4,4,4
352,0,0,5,5,0,0,4,5,5,0,5,0,0,0,0,0,0,5,0,0,5,0,4,0,0,0,0,4,4,0,0,2,4,4,4,5,5,4,5,3,5,5,5
353,5,5,5,0,3,0,0,5,5,5,0,4,3,0,3,5,0,0,3,0,4,4,5,0,0,0,0,0,0,0,0,0,0,0,0,0,0,0,0,0,0,0,0
354,0,4,4,4,0,4,4,4,4,2,4,0,0,4,4,3,4,4,3,4,0,4,4,0,4,3,4,4,0,4,4,3,3,4,3,4,4,3,0,4,0,0,0
356,0,0,0,3,0,0,0,0,4,1,4,0,0,0,3,4,0,0,0,0,0,0,0,0,0,0,0,0,4,0,5,0,4,4,4,4,5,4,5,0,3,3,3
357,5,0,0,5,4,3,4,4,4,0,3,3,0,0,0,0,4,5,4,3,3,3,4,4,0,4,5,4,4,4,4,3,4,0,5,3,4,4,0,4,0,0,3
359,4,0,0,0,0,3,0,4,0,0,0,0,0,0,0,0,4,4,0,3,4,0,4,0,3,3,0,0,3,0,3,2,0,2,0,4,0,0,0,5,0,0,0
361,0,0,0,0,0,3,2,0,3,0,3,0,0,3,0,0,0,2,0,3,0,0,2,0,0,3,2,0,0,2,0,3,0,0,0,2,0,0,0,0,2,0,0
362,0,0,4,3,4,0,4,5,4,0,4,0,4,0,0,0,0,0,0,4,0,4,5,5,0,0,5,4,0,0,0,0,0,4,0,0,4,4,0,4,5,5,5
365,0,0,0,0,0,0,3,0,4,0,4,0,0,0,0,0,0,0,0,0,0,0,0,0,0,0,0,4,0,0,0,0,0,0,0,1,0,1,0,1,3,3,3
366,0,0,0,0,4,0,0,0,0,0,0,0,0,0,0,0,0,0,0,4,0,0,0,0,0,0,0,0,0,0,0,0,4,0,0,0,4,4,0,0,4,0,4
367,5,0,0,0,0,4,5,0,5,0,5,0,0,0,0,0,0,3,0,0,0,0,5,0,0,0,5,4,5,0,4,4,0,0,5,0,0,0,0,5,0,0,0
368,0,0,4,4,4,0,4,5,0,0,4,0,3,3,3,3,4,5,0,3,0,3,4,4,3,2,5,3,4,4,0,3,5,4,4,4,0,3,0,0,0,0,0
369,0,0,3,0,0,3,3,0,0,0,0,0,0,2,0,0,0,0,0,0,0,0,0,0,0,0,0,4,0,0,0,1,0,4,0,0,4,0,4,0,0,0,0
370,0,0,3,4,0,0,2,5,3,0,0,0,3,0,4,0,0,0,0,4,0,4,4,2,0,0,0,2,4,2,0,0,0,4,4,3,4,0,3,4,4,4,4
371,0,0,0,0,0,0,0,0,0,0,0,0,0,0,0,0,0,0,0,0,0,4,0,0,0,0,0,0,0,0,0,0,0,5,0,0,0,0,4,0,4,0,4
372,3,4,5,5,4,3,4,4,5,0,3,4,0,5,5,5,0,5,4,4,3,3,4,5,0,0,5,4,5,5,5,0,0,0,0,0,0,0,0,0,0,0,0
373,3,4,5,5,4,2,0,5,5,3,4,5,1,2,0,3,4,5,0,3,4,3,5,0,4,0,0,0,0,0,0,0,0,0,0,0,0,0,0,0,0,0,0
374,0,0,0,0,5,3,0,5,4,4,4,0,0,0,5,3,4,0,3,0,3,3,0,0,0,4,0,0,0,0,0,0,0,0,0,0,0,0,0,0,0,0,0
375,0,5,0,0,0,0,0,0,5,4,4,0,0,0,0,0,0,0,0,0,0,0,0,0,0,0,0,5,0,0,0,0,0,0,5,0,0,5,5,0,0,0,0
376,0,5,0,0,3,5,4,0,0,2,3,0,0,0,3,4,4,4,0,5,3,0,0,0,5,4,4,4,4,4,4,4,0,3,4,0,0,0,5,4,4,3,4
377,0,4,0,0,0,5,0,0,0,3,0,0,0,0,0,0,0,0,0,0,0,0,0,0,0,0,0,0,0,0,0,0,0,0,0,4,0,0,0,0,0,0,0
378,4,0,0,0,0,0,0,0,4,0,0,4,0,0,0,0,0,4,0,0,0,0,4,0,0,0,3,0,0,0,0,0,0,0,0,0,3,0,3,0,4,4,4
379,0,0,3,0,5,5,0,2,3,2,5,3,2,2,4,5,4,3,0,4,5,3,0,0,0,0,0,0,0,0,0,0,0,0,0,0,0,0,0,0,0,0,0
380,5,5,5,4,4,0,5,5,3,5,5,5,5,5,5,4,5,0,5,5,0,3,5,4,4,4,4,5,5,5,5,5,5,4,5,0,4,4,5,5,5,5,5
381,3,3,2,4,0,3,3,0,3,3,4,4,1,4,3,4,4,0,4,2,0,0,0,3,3,4,0,3,4,3,4,4,0,5,5,0,5,0,4,4,4,4,4
382,4,0,0,5,0,4,5,5,5,0,4,0,0,0,0,0,0,5,5,0,0,0,5,0,0,0,5,5,5,4,0,0,4,5,0,0,5,0,5,0,5,5,5
383,0,0,0,0,0,4,0,0,0,0,0,0,0,0,0,0,0,0,0,0,0,0,0,0,0,0,0,3,0,0,0,0,0,0,5,0,0,0,0,0,0,0,0
384,0,0,0,0,0,0,0,5,0,4,0,0,0,0,0,4,4,0,0,0,0,0,0,0,0,0,0,0,0,0,0,0,0,0,0,0,4,0,0,0,0,0,0
385,4,4,0,3,0,5,4,4,5,3,4,3,3,0,3,4,4,0,4,5,3,3,3,5,0,3,5,5,5,4,4,0,0,0,0,0,0,0,0,0,0,0,0
386,0,3,3,3,3,0,0,5,3,0,0,0,1,3,3,3,2,0,0,3,2,1,4,4,3,2,0,0,0,0,0,0,0,0,0,0,0,0,0,0,0,0,0
387,0,3,4,4,3,0,4,5,3,3,4,3,3,0,2,0,3,0,2,3,3,4,4,4,3,2,4,4,4,4,2,0,0,4,2,4,4,3,4,0,3,0,0
389,5,4,0,0,0,0,5,0,0,0,0,0,0,0,0,0,0,0,0,0,0,0,0,0,3,5,0,0,0,0,0,0,0,0,0,0,0,0,0,0,0,0,0
390,0,0,0,0,4,0,0,0,0,0,0,0,0,0,0,0,0,4,0,0,3,0,0,0,0,0,0,0,0,0,0,0,0,4,0,2,5,0,4,0,0,0,0
391,3,4,3,4,5,4,5,5,5,0,5,0,0,2,2,4,2,5,0,4,0,4,3,5,3,1,5,5,0,4,4,2,2,5,2,4,4,1,5,4,5,0,0
393,0,0,0,0,4,0,0,0,0,0,0,0,0,0,0,5,0,0,0,0,0,0,0,0,0,0,0,0,5,0,0,0,0,5,0,0,5,4,5,0,5,5,5
395,0,0,0,0,4,0,0,3,0,0,3,3,4,3,3,0,4,2,2,3,3,3,0,0,5,0,0,0,0,0,0,0,0,0,0,0,0,0,0,0,0,0,0
398,0,5,0,0,0,0,0,0,0,0,0,0,0,0,0,0,0,0,0,0,0,0,0,0,0,0,0,0,4,0,0,0,0,0,0,0,0,0,0,0,0,0,0
399,4,0,0,0,3,0,5,5,0,0,5,0,0,0,0,0,3,4,0,2,0,0,4,0,0,3,0,5,5,5,5,0,0,5,4,0,3,5,0,5,4,5,4
400,0,0,5,5,0,0,5,5,5,0,4,0,0,0,0,0,0,0,0,0,0,0,5,5,0,0,5,5,4,5,4,0,0,5,0,0,5,4,0,0,4,0,4
401,3,0,0,0,0,0,0,0,0,0,3,3,0,0,0,0,0,0,3,0,0,0,0,0,0,0,0,0,0,0,0,2,0,0,0,0,0,0,0,3,3,3,3
402,0,0,3,0,0,0,0,5,0,0,0,4,0,5,5,4,4,4,4,5,0,0,5,0,0,5,0,0,0,0,0,0,0,0,0,0,0,0,0,0,0,0,0
403,0,0,5,0,5,0,0,5,0,0,0,0,0,0,0,0,0,0,0,0,0,0,0,0,0,0,0,0,0,0,0,0,0,0,0,0,0,0,0,0,0,0,0
404,0,0,3,0,4,0,0,3,4,0,4,3,3,4,3,4,4,4,4,0,4,0,4,0,0,0,0,0,0,0,0,0,0,0,0,0,0,0,0,0,0,0,0
405,0,4,0,0,4,0,0,4,0,0,0,0,0,0,0,0,0,0,0,0,0,0,0,0,0,0,0,0,0,0,0,0,0,4,0,0,4,0,4,0,0,0,0
408,0,0,0,0,0,0,4,0,4,4,0,0,0,0,0,0,0,0,0,0,0,0,0,0,0,0,0,4,5,4,0,0,0,4,0,0,0,4,0,0,5,5,5
409,0,0,0,0,0,0,4,5,4,0,0,0,0,0,0,0,0,0,0,0,0,0,4,5,0,0,5,0,0,0,0,0,2,0,2,5,0,0,0,0,0,0,0
410,0,0,0,0,0,0,3,2,5,0,0,0,0,0,0,0,0,4,0,0,0,0,3,0,0,0,0,0,0,0,0,0,0,0,0,3,0,0,0,0,0,0,0
411,5,0,4,3,4,5,0,5,4,2,5,4,2,3,4,4,5,5,0,3,5,3,5,0,5,0,0,0,0,0,0,0,0,0,0,0,0,0,0,0,0,0,0
412,2,0,3,0,0,0,0,0,0,0,0,0,0,0,0,4,0,0,0,0,0,0,4,4,0,0,5,0,0,0,0,0,0,3,3,5,0,0,0,0,0,0,0
413,0,0,0,0,0,0,0,5,5,0,0,0,0,0,0,5,0,5,0,0,0,0,5,0,0,0,5,0,1,0,0,0,5,0,0,1,5,0,0,0,5,0,0
414,4,5,4,5,5,4,5,5,5,2,5,4,4,4,4,5,4,4,4,5,4,4,4,5,4,4,5,5,5,5,5,4,5,5,3,5,5,5,5,4,5,5,4
415,0,0,4,4,0,4,4,5,5,3,5,0,0,3,0,3,4,0,4,0,0,0,5,4,0,0,5,0,4,0,0,3,0,4,4,3,5,0,4,0,0,0,0
416,0,0,0,0,0,0,3,4,3,0,2,0,0,0,0,0,0,3,0,0,0,0,0,4,0,0,0,2,0,0,0,2,0,1,2,3,4,0,0,0,0,2,0
417,0,0,5,0,0,0,0,5,5,0,4,0,0,0,0,0,0,0,0,0,0,0,4,0,0,0,5,0,2,0,0,0,0,5,4,4,5,5,5,5,5,5,5
418,0,0,0,4,0,0,0,4,5,0,4,0,0,0,0,0,0,4,0,0,0,0,4,0,0,0,0,0,0,0,4,0,0,0,0,0,5,0,3,0,5,5,5
419,0,0,4,4,4,0,0,5,5,0,4,0,0,4,0,0,3,5,0,0,0,0,3,0,0,4,5,0,0,0,0,0,5,4,4,4,5,4,3,0,0,0,0
420,4,3,0,0,0,0,0,4,4,0,4,4,0,0,0,0,3,4,4,0,0,0,0,0,0,0,0,0,0,0,3,3,0,4,4,4,4,0,0,4,4,4,4
421,0,0,0,0,0,0,0,0,5,0,0,0,0,0,0,0,0,5,0,0,0,0,5,0,0,0,0,0,0,0,0,0,0,0,0,5,0,0,0,0,0,0,0
422,4,0,0,0,0,0,5,0,5,0,0,0,0,0,0,0,0,0,0,0,0,0,0,0,0,4,4,0,0,0,0,0,0,0,0,0,4,0,0,0,0,0,0
424,0,3,5,5,0,0,0,4,3,0,0,4,3,0,0,0,0,0,0,2,0,0,4,3,0,0,3,0,0,0,0,0,0,2,2,2,4,0,4,0,0,0,0
425,0,4,4,4,4,3,3,4,5,3,5,3,2,3,2,3,3,4,3,3,4,3,4,2,3,3,3,3,4,3,0,3,4,3,3,3,4,4,3,4,4,4,4
426,0,0,0,0,0,3,0,3,3,0,5,5,0,0,0,0,4,0,4,0,0,0,0,0,0,0,0,0,0,0,0,0,0,0,0,0,0,0,2,4,1,2,2
427,0,0,0,0,4,0,0,4,0,0,0,0,0,0,0,0,0,0,0,0,0,0,0,0,0,0,0,0,0,0,0,0,0,0,0,0,0,4,5,0,4,4,0
428,0,0,0,0,2,2,3,4,0,0,3,0,0,2,2,0,2,0,2,2,2,3,2,0,2,3,0,3,0,3,0,1,3,4,3,3,4,3,0,1,3,3,3
429,0,0,0,0,0,5,0,0,0,0,0,0,0,0,5,0,0,0,5,0,5,5,0,0,0,0,0,0,0,0,0,0,0,0,0,0,0,0,0,0,0,0,0
430,0,0,0,0,0,0,0,0,5,0,3,0,0,0,0,0,0,0,0,0,0,0,0,0,0,0,4,0,0,4,0,0,0,5,5,5,0,0,0,4,0,0,0
432,2,0,4,3,4,0,3,2,3,1,4,5,2,0,0,0,4,4,0,3,4,0,4,0,4,1,4,3,0,3,0,0,0,3,4,3,3,4,3,4,3,4,4
434,4,3,4,0,4,5,5,5,4,3,4,0,2,0,2,0,5,5,4,4,0,0,4,5,4,2,5,5,0,4,3,3,5,5,5,5,5,3,5,3,5,5,5
435,0,0,0,4,0,0,0,0,5,0,0,0,0,0,0,0,0,0,0,0,0,0,0,0,0,0,5,0,0,0,0,0,0,0,0,0,5,4,0,0,0,0,0
436,4,0,0,0,0,4,0,0,4,1,4,4,3,4,3,5,3,5,3,4,0,3,3,0,0,0,0,0,0,0,0,0,0,0,0,0,0,0,0,0,0,0,0
437,0,4,4,4,4,4,5,5,5,0,3,0,0,0,0,0,0,5,0,0,5,3,0,5,3,3,0,0,0,5,4,0,0,0,0,0,0,0,0,0,0,0,0
438,4,4,0,0,4,4,5,0,5,4,4,4,3,4,5,4,4,4,4,5,3,4,0,0,4,3,0,5,0,5,4,4,4,5,4,0,3,5,4,4,3,4,4
441,0,0,4,0,0,0,5,5,0,0,0,0,0,0,0,0,0,0,0,5,0,0,4,0,0,0,0,4,5,0,0,0,0,5,0,0,4,0,0,4,5,0,5
443,4,0,0,0,4,0,4,4,5,0,5,0,0,0,0,0,0,0,0,0,0,0,3,5,0,0,0,0,0,0,0,0,0,3,3,4,4,0,0,0,4,5,5
444,0,0,4,5,4,0,0,5,4,3,5,0,4,0,4,0,3,5,0,4,0,3,5,0,0,0,0,0,0,0,0,0,0,0,0,0,0,0,0,0,0,0,0
445,0,5,4,0,5,0,5,4,0,0,3,0,0,0,0,4,0,3,0,0,3,0,4,3,0,2,0,0,0,0,0,0,3,5,4,0,5,0,0,0,5,4,5
446,0,4,4,4,0,3,0,4,0,0,3,3,3,3,2,3,4,5,3,5,4,3,5,0,4,3,0,0,0,0,0,0,0,0,0,0,0,0,0,0,0,0,0
447,0,0,0,0,5,4,0,5,5,3,4,4,4,3,4,4,4,0,5,4,3,3,4,0,0,0,0,0,0,0,0,0,0,0,0,0,0,0,0,0,0,0,0
448,5,2,4,4,0,3,5,5,0,3,3,0,3,4,3,4,3,0,0,3,3,3,5,4,3,3,5,5,5,5,5,4,0,2,4,4,4,4,4,0,4,4,4
449,0,4,0,4,0,0,0,0,5,0,0,0,0,0,0,0,0,4,0,0,0,0,0,0,0,0,0,0,0,0,0,0,0,0,0,4,4,0,4,0,0,2,0
450,0,0,0,0,5,0,5,0,0,0,0,0,0,0,0,0,0,0,0,5,0,0,0,0,4,0,0,0,0,0,0,3,5,0,0,4,0,0,0,0,0,0,0
451,5,5,0,0,0,0,0,0,0,0,0,0,0,0,0,4,0,0,0,0,0,0,5,5,4,3,0,0,0,0,0,0,0,0,0,0,0,0,0,0,0,0,0
452,0,0,5,0,5,0,5,0,0,0,5,0,0,4,5,0,4,5,0,5,0,5,0,5,5,5,5,5,5,4,4,4,5,5,5,4,0,4,0,0,0,0,0
453,5,5,5,5,5,0,4,5,5,4,5,5,5,4,4,5,4,3,5,5,0,0,4,4,3,3,4,4,0,3,0,4,4,5,4,5,5,5,5,5,4,0,0
454,0,0,0,0,0,0,0,4,0,0,0,0,0,0,0,0,0,0,0,0,0,0,0,0,0,0,0,0,0,0,0,0,0,0,0,5,0,0,0,0,0,0,0
455,0,0,0,3,4,3,0,0,5,3,5,3,3,4,3,4,3,5,3,3,4,3,5,0,0,0,0,0,0,0,0,0,0,0,0,0,0,0,0,0,0,0,0
456,5,3,0,0,0,0,5,0,0,0,0,0,0,0,0,0,0,0,0,0,0,0,0,0,4,5,0,0,0,0,0,0,0,0,0,0,0,0,0,0,0,0,0
457,0,0,0,0,5,0,5,0,0,0,0,0,0,0,0,0,2,0,0,0,0,0,0,0,0,0,0,0,0,0,4,0,0,0,5,3,5,5,0,0,0,0,0
458,0,0,0,0,5,5,0,4,0,3,5,5,3,5,3,5,5,0,4,3,2,3,0,0,0,0,0,0,0,0,0,0,0,0,0,0,0,0,0,0,0,0,0
460,4,0,0,0,0,4,0,0,5,0,4,0,0,0,0,0,0,0,0,0,0,0,0,0,0,0,0,0,0,0,0,0,0,4,4,0,4,5,0,4,5,5,5
462,1,3,4,3,0,0,4,2,4,0,2,1,0,1,0,0,0,1,0,2,0,3,3,3,0,0,5,2,3,1,1,4,2,0,2,3,3,2,0,0,4,4,4
463,0,0,0,0,4,0,0,4,0,0,4,0,0,0,0,0,0,4,0,0,0,0,0,0,0,3,0,0,0,0,0,0,4,0,0,0,0,0,0,0,0,5,5
464,0,3,5,0,5,0,5,4,5,2,5,2,2,4,3,0,4,4,0,5,5,0,5,0,3,3,5,5,0,5,0,0,4,5,5,4,5,5,4,0,5,5,5
465,0,0,0,0,0,0,0,0,0,0,5,0,0,3,0,4,0,5,0,0,0,0,5,5,0,0,0,3,0,4,0,0,5,4,5,0,0,0,0,0,0,0,0
466,0,0,0,0,0,0,1,0,3,0,5,0,0,0,0,0,0,0,0,0,0,0,0,0,0,0,0,2,0,0,0,0,0,4,0,0,4,4,0,3,4,4,4
468,4,4,5,0,4,5,0,3,3,3,0,0,0,0,4,0,0,0,3,0,5,3,0,0,0,0,0,0,0,0,0,0,0,0,0,0,0,0,0,0,0,0,0
469,4,5,4,4,5,0,4,5,5,0,0,0,2,0,4,3,3,4,2,4,4,3,4,5,2,2,5,5,4,3,3,3,4,4,5,5,0,0,0,0,0,0,0
470,4,3,3,3,5,3,0,3,4,3,5,4,4,4,5,4,5,5,3,5,4,3,0,3,3,0,0,0,0,0,0,0,0,0,0,0,0,0,0,0,0,0,0
473,0,0,0,0,0,0,0,0,5,0,0,0,0,0,0,0,0,0,0,0,0,0,0,0,0,0,0,0,0,0,0,0,0,0,0,0,4,0,0,0,0,0,0
474,4,4,4,4,3,4,4,4,5,1,3,4,1,4,4,5,4,5,4,4,3,4,4,4,3,4,5,5,4,4,4,4,3,4,5,3,4,3,5,4,5,5,5
475,0,0,0,0,0,0,5,0,0,0,0,4,5,0,0,0,0,0,5,5,0,5,0,0,0,0,0,5,5,5,5,5,0,4,0,0,0,5,0,4,5,5,5
476,4,4,0,0,0,4,0,3,5,0,5,4,0,3,3,5,4,0,5,5,5,4,0,0,0,0,0,0,0,0,0,0,0,0,0,0,0,0,0,0,0,0,0
477,4,4,4,0,0,4,4,4,5,3,5,4,1,3,0,5,4,4,3,5,0,0,5,4,3,4,0,5,4,4,4,4,4,4,4,4,0,0,4,4,4,4,4
479,0,0,0,0,2,0,4,0,0,0,0,0,0,0,0,0,0,0,0,0,0,0,4,0,0,0,4,0,4,3,0,0,3,0,0,0,0,0,0,0,0,0,0
480,3,4,4,3,5,3,4,4,5,3,5,3,4,3,2,3,5,5,4,4,5,4,4,4,3,3,5,5,5,3,5,3,4,5,4,4,4,4,4,3,3,4,4
482,0,0,0,4,0,0,0,0,0,0,0,0,0,0,0,0,0,0,0,0,0,4,0,0,4,4,0,0,4,0,5,0,0,0,0,0,0,0,0,0,0,0,3
483,4,5,3,4,4,2,4,5,5,4,5,4,3,1,4,2,4,5,4,4,0,3,0,4,2,3,4,4,4,4,4,2,4,4,3,4,4,3,4,4,4,4,4
484,4,0,4,0,0,0,0,0,5,0,5,5,3,0,0,0,4,0,4,0,0,0,0,0,0,3,0,0,0,0,0,3,0,0,4,4,5,0,0,0,0,0,0
486,0,5,3,0,5,5,0,5,5,3,5,0,0,4,3,5,5,0,3,5,0,4,3,0,5,5,0,0,0,0,0,0,0,0,0,0,0,0,0,0,0,0,0
487,0,0,0,0,0,0,4,0,3,0,0,0,0,0,0,0,0,0,0,0,0,0,2,0,0,0,0,0,3,0,0,0,0,3,0,0,4,0,0,4,4,4,4
488,4,0,0,0,0,3,0,0,5,0,0,0,0,0,0,4,0,5,0,0,0,0,4,4,0,0,0,0,3,0,0,0,0,0,5,0,0,0,0,5,5,5,5
489,0,3,3,0,4,3,0,4,0,1,4,4,1,3,3,0,3,0,3,3,4,4,4,4,3,2,0,0,4,0,3,3,3,4,3,4,4,0,4,4,4,4,4
490,3,0,0,0,0,0,0,4,0,0,3,0,2,0,0,0,0,0,0,0,0,0,4,0,0,0,0,0,0,0,0,0,0,4,0,0,3,0,4,0,3,3,3
491,0,0,0,0,0,0,0,0,0,0,4,0,4,0,0,0,0,0,0,0,0,0,0,0,0,0,0,0,0,0,0,0,0,0,0,0,0,0,0,2,0,0,0
492,4,3,0,0,0,0,4,0,0,0,0,0,0,0,0,0,0,0,0,0,0,0,0,0,4,5,3,0,0,4,0,0,0,0,0,0,0,0,0,0,0,0,0
493,0,0,0,0,5,0,5,0,0,0,0,0,0,0,0,4,0,0,0,4,0,4,0,0,0,0,5,5,4,0,0,0,4,5,0,0,0,3,0,0,0,0,0
495,0,0,0,4,0,4,0,0,5,4,4,0,0,0,0,0,0,4,4,0,0,0,0,0,0,4,4,0,0,0,0,3,4,5,4,0,5,5,0,0,0,0,0
497,0,0,0,3,0,0,2,0,3,0,0,0,0,0,0,0,0,0,0,0,0,0,4,4,0,0,4,0,4,0,0,0,3,2,5,4,4,0,0,0,2,2,2
498,0,0,3,0,5,5,0,4,5,2,5,5,0,0,3,5,4,0,5,0,3,3,0,0,5,0,0,0,0,0,0,0,0,0,0,0,0,0,0,0,0,0,0
500,4,0,0,0,0,0,4,0,0,0,4,3,0,0,0,0,4,0,4,0,0,0,0,0,0,0,0,0,0,0,0,4,0,0,0,5,0,0,0,5,0,0,0
501,0,3,0,3,0,0,0,0,0,0,0,0,0,0,0,0,0,0,0,0,0,0,0,0,0,5,0,0,0,0,0,0,0,0,0,0,0,0,0,0,0,0,0
502,0,0,0,0,0,0,0,0,5,0,0,0,0,0,0,0,0,0,0,0,0,0,0,0,0,0,0,0,0,0,0,0,0,0,0,0,0,0,0,0,0,0,0
503,0,0,0,0,0,0,0,5,4,0,4,3,0,0,0,0,3,4,0,0,0,0,3,4,0,0,4,0,0,0,0,0,3,4,3,4,3,0,4,0,0,0,0
504,4,0,0,0,0,0,0,4,0,0,0,0,0,4,0,0,0,0,0,0,0,0,0,0,0,0,0,0,0,0,0,0,0,0,0,0,0,0,0,4,4,4,4
505,0,0,5,0,0,0,0,0,0,0,0,0,0,0,0,0,0,0,0,0,0,0,5,0,0,0,0,0,0,0,0,0,0,0,0,0,5,0,5,0,0,0,0
509,4,4,0,0,0,0,4,3,0,4,0,4,3,0,0,0,0,0,3,0,0,0,0,0,0,0,0,4,4,0,0,0,3,3,4,0,0,3,0,4,5,5,5
510,0,0,0,4,0,0,0,0,0,0,0,0,0,0,0,4,3,3,0,0,0,0,3,0,0,0,4,3,4,0,0,0,0,0,2,0,0,0,0,0,2,3,0
511,0,0,0,0,0,0,0,0,5,0,4,0,0,0,0,0,0,5,0,0,0,0,0,0,0,0,0,0,5,0,0,0,0,5,0,0,5,0,0,0,5,0,5
512,0,5,5,5,5,4,0,5,5,2,5,4,3,4,3,5,4,5,3,3,3,0,5,0,0,0,0,0,0,0,0,0,0,0,0,0,0,0,0,0,0,0,0
513,0,4,0,0,4,4,5,4,5,0,0,0,0,0,0,4,0,0,0,0,0,0,4,0,0,2,0,0,0,4,0,0,0,0,0,4,0,0,0,4,0,3,3
514,4,0,4,0,0,4,5,4,0,0,4,4,0,0,0,4,4,0,4,4,0,2,5,4,4,0,0,5,5,4,5,0,4,4,4,4,2,0,0,4,2,2,3
517,4,0,2,0,1,0,3,0,4,2,3,4,3,3,0,2,1,3,3,0,0,3,3,0,0,3,0,0,0,2,5,3,3,2,0,1,0,1,0,4,0,0,3
520,0,3,0,0,0,0,0,0,5,1,3,0,0,0,0,0,0,0,0,4,0,0,0,0,0,0,2,0,5,0,5,5,0,5,0,0,0,0,0,4,4,3,4
521,0,3,0,0,0,0,0,0,0,0,0,0,0,0,0,0,0,0,0,0,0,0,0,5,4,4,0,0,0,0,0,0,0,0,0,0,0,0,0,0,0,0,0
522,3,0,0,4,4,0,5,5,5,0,3,3,4,0,0,0,3,0,4,0,0,0,0,3,0,3,4,4,3,4,5,4,5,4,0,5,4,4,3,0,3,2,3
523,0,0,0,0,0,0,0,0,5,0,4,5,4,0,0,0,0,4,0,0,0,0,0,0,0,0,0,0,0,0,0,0,0,0,0,0,4,5,0,0,5,5,5
524,4,3,5,2,3,5,5,0,1,3,0,0,5,5,4,5,4,0,4,5,0,3,4,0,3,3,0,5,5,3,5,0,0,0,0,0,0,0,0,0,0,0,0
525,4,0,3,4,0,4,4,0,4,0,4,4,3,3,4,3,4,4,3,0,0,0,3,4,0,0,0,4,4,4,4,0,0,4,0,4,3,3,4,3,0,0,0
526,0,0,0,0,0,0,0,4,4,0,0,0,0,0,0,0,0,0,0,0,0,0,4,4,0,0,0,0,0,0,0,0,3,0,0,4,4,0,0,0,0,0,0
527,0,0,0,0,0,0,5,0,0,0,0,4,0,0,0,0,5,1,5,0,5,0,5,0,0,4,0,5,5,5,4,0,0,0,0,0,0,0,0,0,0,0,0
528,2,0,0,0,5,4,0,4,0,0,5,0,0,0,0,4,0,0,0,4,0,0,4,0,0,0,0,0,0,0,0,0,0,5,0,1,0,5,0,0,0,0,0
532,0,0,0,0,5,0,0,0,4,0,0,0,0,0,0,5,4,5,0,4,0,0,4,4,0,0,5,0,4,0,0,5,5,5,0,4,5,0,0,0,0,0,0
533,5,0,0,0,0,0,0,0,0,0,5,0,0,0,0,0,0,0,0,0,0,0,0,0,0,0,0,0,0,0,0,0,0,5,0,0,5,0,0,0,0,0,0
534,4,0,4,0,0,0,4,0,0,3,4,4,4,0,0,0,4,0,4,0,0,4,4,0,0,4,0,4,4,4,5,4,4,4,4,3,0,4,0,4,4,4,4
536,0,0,0,0,5,5,0,0,0,0,5,0,0,0,0,3,4,5,0,3,3,2,4,0,0,0,0,0,0,0,0,0,0,0,0,0,0,0,0,0,0,0,0
537,0,0,0,0,0,0,0,0,4,0,0,0,4,0,0,0,0,1,0,0,0,0,0,0,0,0,0,0,0,0,0,0,0,4,0,0,0,0,0,0,4,4,4
538,0,0,0,0,0,0,0,0,0,0,0,4,0,0,0,0,0,0,5,0,0,0,0,0,0,0,0,0,0,0,0,0,0,0,0,0,0,0,0,0,0,0,0
539,0,0,0,0,0,0,0,0,4,0,0,0,0,0,0,0,0,3,0,0,0,0,0,0,0,0,0,0,0,0,0,0,0,0,0,0,0,0,0,5,0,0,0
540,0,0,4,0,0,0,5,5,0,0,0,0,0,0,0,0,0,0,0,4,0,0,0,0,3,0,0,5,0,5,0,0,5,4,0,0,4,0,0,0,4,0,0
541,3,0,1,5,5,0,0,0,4,3,5,3,2,3,4,5,5,0,3,3,5,3,4,3,5,0,0,0,0,0,0,0,0,0,0,0,0,0,0,0,0,0,0
542,0,0,5,0,0,0,0,3,5,0,5,5,0,0,0,0,0,0,0,0,0,0,0,0,0,0,0,0,0,0,0,3,0,5,0,4,5,0,5,5,0,0,0
543,0,0,0,0,0,0,0,0,0,4,3,5,0,5,5,0,0,0,5,0,0,0,0,0,0,0,0,0,0,0,5,5,0,5,5,5,5,0,5,0,0,0,0
546,0,0,0,0,0,0,0,0,0,0,0,0,0,0,0,0,4,0,0,5,0,0,0,2,0,0,0,0,0,0,3,0,0,0,0,5,0,0,0,0,0,0,0
551,0,0,4,0,3,0,3,3,4,0,4,0,0,4,0,0,0,0,0,4,0,0,4,0,4,0,0,0,0,3,4,0,4,4,4,0,4,0,3,4,2,2,2
552,0,0,0,0,0,0,0,4,0,0,4,0,0,0,0,0,0,4,0,0,0,0,0,0,0,3,0,5,0,0,0,0,0,4,4,0,4,0,0,0,0,0,5
553,0,5,0,4,0,0,0,5,0,0,0,0,0,3,0,0,0,0,0,0,0,0,0,3,0,0,5,0,0,0,0,0,0,3,0,5,5,0,0,0,0,0,0
554,0,0,0,0,0,0,0,0,0,0,0,4,0,0,0,0,0,5,5,0,0,0,5,2,0,0,5,5,0,5,0,0,5,5,0,5,0,0,0,0,0,0,0
555,4,4,0,5,5,4,5,4,5,4,5,0,3,0,4,4,4,0,0,5,0,3,5,5,0,4,0,5,4,5,3,2,5,5,4,5,4,0,0,0,0,0,0
556,0,0,0,0,0,0,0,0,0,0,0,0,0,0,0,0,0,0,5,0,0,0,0,0,0,0,0,0,0,0,0,0,0,0,0,0,0,0,0,0,4,4,4
558,0,0,0,0,0,0,0,3,0,0,0,0,3,0,0,0,0,0,0,0,0,0,4,0,0,0,0,0,0,0,0,0,4,0,0,0,0,0,0,5,5,0,0
559,5,3,0,0,4,3,5,3,5,3,4,4,3,4,3,3,5,0,4,4,0,3,0,4,3,5,0,0,0,4,0,5,0,0,0,0,0,0,0,0,0,0,0
560,3,3,4,4,4,4,4,4,0,3,3,0,4,4,4,0,0,0,0,3,0,0,4,4,0,3,0,4,4,4,0,4,3,4,4,4,4,4,3,3,4,4,4
561,4,3,4,4,5,0,4,4,5,0,4,4,2,3,3,4,4,4,0,4,0,4,4,3,3,4,0,5,5,4,4,3,4,4,4,3,4,5,0,0,5,5,5
562,4,0,0,4,4,3,0,5,5,0,5,5,0,0,0,0,0,4,4,4,2,0,5,0,0,0,0,3,0,0,0,0,3,5,4,5,4,3,0,5,0,0,0
563,0,0,0,0,0,0,0,0,0,0,4,0,0,0,0,0,0,0,4,0,0,0,0,0,0,0,0,0,0,0,3,0,0,0,0,0,0,0,0,0,0,0,0
564,0,0,0,0,0,0,0,0,3,0,3,0,0,0,0,0,0,0,0,0,0,0,0,0,0,0,0,0,0,0,4,0,0,0,0,0,0,0,0,0,0,0,0
566,0,4,0,5,5,3,0,4,5,0,5,2,4,4,3,4,4,5,3,0,4,3,0,0,4,3,0,0,0,0,0,0,0,0,0,0,0,0,0,0,0,0,0
567,3,0,0,1,0,0,2,0,0,0,3,2,0,0,0,0,2,0,0,0,0,0,0,0,2,0,0,2,2,1,0,0,0,0,0,0,0,0,3,0,3,3,3
570,4,4,3,0,3,4,3,0,4,0,4,3,1,3,3,4,0,4,0,4,0,0,0,4,3,3,3,4,4,4,4,4,4,4,4,4,4,4,4,4,4,0,3
571,0,0,0,0,0,0,0,0,0,0,0,0,0,0,0,0,0,0,0,0,0,0,0,0,0,0,0,3,0,0,4,0,0,0,0,0,0,0,0,0,0,0,0
572,4,0,0,0,0,4,5,0,5,0,4,0,0,0,0,5,4,5,0,0,5,0,4,4,2,0,5,5,4,5,0,0,5,0,0,0,0,0,0,0,0,0,0
573,5,0,5,5,5,3,5,5,4,0,4,4,3,5,4,4,5,0,4,5,0,4,4,0,4,5,5,5,5,5,4,4,5,5,4,2,5,3,5,4,5,4,5
575,0,0,0,0,0,0,0,5,0,0,0,0,0,0,0,0,0,0,0,0,0,0,0,0,0,0,0,0,0,0,0,0,0,4,0,0,0,0,0,0,0,0,0
577,0,0,0,0,4,0,5,0,5,0,5,0,0,3,4,4,5,5,0,0,5,2,4,3,0,3,5,3,4,4,5,3,5,0,0,0,0,0,0,0,0,0,0
579,4,0,0,0,5,0,0,0,0,0,5,5,4,0,0,0,4,5,0,0,0,0,0,0,0,5,0,0,0,0,0,4,3,5,3,0,0,0,0,0,0,0,0
580,3,5,5,5,4,0,4,5,5,0,4,3,3,0,0,3,4,3,2,4,4,3,4,4,0,3,4,4,4,4,3,4,5,5,4,5,5,4,5,4,4,4,4
581,0,0,0,0,0,0,0,0,5,0,4,0,0,0,0,0,0,5,0,0,0,0,0,0,0,0,0,0,0,0,0,0,0,3,4,0,4,0,4,4,4,4,4
582,0,0,0,0,0,0,4,0,0,0,0,0,0,0,0,0,0,0,0,0,0,0,4,0,0,0,0,4,0,0,0,0,0,5,0,0,4,0,4,0,3,0,0
583,0,0,0,0,0,0,0,4,0,0,4,0,0,0,0,0,0,0,3,0,0,0,2,0,0,0,0,0,0,0,0,0,0,0,0,0,0,0,0,3,0,0,0
584,5,0,5,0,5,5,0,3,0,1,5,5,3,5,5,4,5,0,4,5,5,3,4,0,0,0,0,0,0,0,0,0,0,0,0,0,0,0,0,0,0,0,0
585,0,0,0,0,0,0,0,5,0,0,0,0,0,0,0,0,0,0,0,0,0,0,0,0,0,0,5,0,0,0,0,0,0,0,0,4,5,0,0,0,0,0,0
586,0,0,0,0,5,0,4,0,5,0,0,0,0,0,4,4,0,2,4,5,0,0,0,0,0,0,3,4,5,4,4,5,2,5,3,0,0,5,0,0,5,5,5
587,5,5,0,5,0,0,0,5,0,3,4,0,0,0,4,0,0,0,0,0,5,0,0,0,0,0,0,0,0,0,5,4,0,4,0,5,0,0,0,0,0,0,0
588,0,0,3,5,5,3,0,5,5,3,3,3,1,0,3,5,3,4,0,3,3,2,5,0,0,0,0,0,0,0,0,0,0,0,0,0,0,0,0,0,0,0,0
589,0,0,0,0,0,4,0,5,5,0,5,0,0,0,0,0,0,5,0,0,5,0,5,0,0,5,0,0,0,0,0,0,0,0,0,0,0,0,0,0,0,0,0
590,4,3,3,4,4,4,5,4,4,3,5,4,3,3,3,4,4,5,4,4,3,3,3,4,3,4,5,5,5,4,4,3,4,4,3,3,3,4,3,4,4,5,4
591,0,0,0,0,0,0,5,0,0,0,4,0,0,0,0,0,0,0,0,0,0,0,0,0,0,0,0,0,0,5,0,0,0,5,4,0,2,5,0,0,0,0,0
592,0,0,0,0,5,5,0,4,4,4,5,5,4,3,5,5,5,0,5,5,4,5,5,0,4,5,0,0,0,0,0,0,0,0,0,0,0,0,0,0,0,0,0
593,0,0,0,4,3,3,5,0,4,1,4,3,0,2,0,0,0,3,3,0,0,0,4,4,3,2,5,5,0,4,0,1,0,2,0,4,4,5,0,3,4,4,4
594,0,0,0,0,5,3,0,0,0,0,0,5,4,4,4,4,5,0,4,5,0,4,5,0,5,4,4,0,0,4,0,4,4,5,4,0,0,4,0,0,0,0,0
596,4,3,0,3,0,3,4,0,0,0,3,4,3,0,0,3,0,4,0,3,0,3,4,0,0,0,3,3,3,4,4,0,0,4,4,0,4,3,4,4,4,3,3
597,4,0,4,5,5,0,5,0,0,0,5,0,0,4,2,5,5,0,4,5,0,4,0,0,4,1,5,5,5,5,5,3,5,0,5,5,0,0,0,0,0,0,0
599,3,3,4,3,3,2,5,5,4,2,3,3,3,3,3,3,4,0,3,4,0,3,3,3,3,3,4,5,3,5,3,3,3,5,3,5,5,3,4,2,4,3,3
600,2,4,4,0,2,2,4,4,3,3,4,2,3,2,3,3,3,3,3,3,0,2,4,4,3,2,4,4,4,4,4,0,0,3,3,4,4,0,4,3,5,5,5
601,4,0,4,5,0,0,0,0,5,0,0,0,0,0,0,0,0,5,0,0,0,0,0,0,0,0,5,0,4,0,0,0,5,5,4,0,5,4,5,4,5,5,5
602,0,3,5,5,5,4,5,5,5,2,3,4,5,4,3,5,4,5,0,5,3,4,5,5,4,4,0,0,0,0,0,0,0,0,0,0,0,0,0,0,0,0,0
603,4,3,0,0,1,0,4,5,0,0,3,0,0,5,2,3,0,3,0,0,3,2,5,5,2,0,5,3,4,3,2,4,5,5,5,5,4,4,5,0,0,0,0
604,3,4,0,0,3,0,0,5,0,2,0,4,3,0,3,0,0,0,3,0,0,4,5,0,0,0,0,0,0,0,0,0,0,0,0,0,0,0,0,0,0,0,0
605,4,0,0,0,3,5,5,2,0,0,3,0,4,0,3,0,3,0,3,3,3,3,0,0,0,3,0,0,0,5,4,0,0,0,0,0,0,0,0,3,5,5,5
606,2,4,3,4,3,0,4,5,3,0,4,0,3,0,0,0,2,5,0,3,4,3,4,0,2,2,4,4,3,4,3,2,4,5,4,4,5,3,4,4,4,4,4
607,4,0,0,0,5,5,3,3,5,0,0,0,0,5,4,5,4,5,0,4,0,3,5,2,0,4,4,3,0,3,3,3,5,5,5,3,0,0,0,0,0,0,0
608,2,3,4,4,4,2,3,5,4,3,3,3,2,2,3,3,3,4,3,3,3,3,4,3,3,3,5,4,0,4,2,3,4,5,4,5,5,4,4,4,4,4,4
609,3,0,0,0,3,3,0,4,4,0,4,0,0,0,0,4,3,0,0,3,4,3,0,0,0,0,0,0,0,0,0,0,0,0,0,0,0,0,0,0,0,0,0
610,5,4,5,4,4,0,5,5,3,3,3,0,3,5,5,4,5,3,0,5,0,4,4,4,0,3,5,5,5,5,5,0,5,5,4,3,5,5,5,3,5,5,5
